filename,file_id,function_name,x,y
mcnp_sims/field/compute/input/0_0.txt,0_0,const,-16238.302574940222,-10466.54673491568
mcnp_sims/field/compute/input/0_1.txt,0_1,const,-10730.798149886876,-10466.54673491568
mcnp_sims/field/compute/input/0_2.txt,0_2,const,-5223.293724833531,-10466.54673491568
mcnp_sims/field/compute/input/0_3.txt,0_3,const,284.2107002198136,-10466.54673491568
mcnp_sims/field/compute/input/0_4.txt,0_4,const,5791.71512527316,-10466.54673491568
mcnp_sims/field/compute/input/0_5.txt,0_5,const,11299.219550326507,-10466.54673491568
mcnp_sims/field/compute/input/0_6.txt,0_6,const,16395.767246771524,-10055.590006307353
mcnp_sims/field/compute/input/0_7.txt,0_7,const,11154.411601424763,-9789.441226600768
mcnp_sims/field/compute/input/0_8.txt,0_8,const,5646.907176371416,-9789.441226600768
mcnp_sims/field/compute/input/0_9.txt,0_9,const,139.40275131806993,-9789.441226600768
mcnp_sims/field/compute/input/0_10.txt,0_10,const,-5368.101673735277,-9789.441226600768
mcnp_sims/field/compute/input/0_11.txt,0_11,const,-10875.606098788623,-9789.441226600768
mcnp_sims/field/compute/input/0_12.txt,0_12,const,-16238.302574940222,-9644.633277699028
mcnp_sims/field/compute/input/0_13.txt,0_13,const,-11263.09570930004,-9112.335718285853
mcnp_sims/field/compute/input/0_14.txt,0_14,const,-5755.5912842467005,-9112.335718285853
mcnp_sims/field/compute/input/0_15.txt,0_15,const,-248.08685919334675,-9112.335718285853
mcnp_sims/field/compute/input/0_16.txt,0_16,const,5259.4175658599925,-9112.335718285853
mcnp_sims/field/compute/input/0_17.txt,0_17,const,10766.921990913332,-9112.335718285853
mcnp_sims/field/compute/input/0_18.txt,0_18,const,16274.426415966685,-9112.335718285853
mcnp_sims/field/compute/input/0_19.txt,0_19,const,11686.709160837934,-8435.23020997094
mcnp_sims/field/compute/input/0_20.txt,0_20,const,6179.20473578458,-8435.23020997094
mcnp_sims/field/compute/input/0_21.txt,0_21,const,671.7003107312412,-8435.23020997094
mcnp_sims/field/compute/input/0_22.txt,0_22,const,-4835.804114322113,-8435.23020997094
mcnp_sims/field/compute/input/0_23.txt,0_23,const,-10343.308539375452,-8435.23020997094
mcnp_sims/field/compute/input/0_24.txt,0_24,const,-15850.812964428791,-8435.23020997094
mcnp_sims/field/compute/input/0_25.txt,0_25,const,-11795.393268713226,-7758.124701656026
mcnp_sims/field/compute/input/0_26.txt,0_26,const,-6287.888843659857,-7758.124701656026
mcnp_sims/field/compute/input/0_27.txt,0_27,const,-780.384418606518,-7758.124701656026
mcnp_sims/field/compute/input/0_28.txt,0_28,const,4727.120006446821,-7758.124701656026
mcnp_sims/field/compute/input/0_29.txt,0_29,const,10234.62443150016,-7758.124701656026
mcnp_sims/field/compute/input/0_30.txt,0_30,const,15742.128856553529,-7758.124701656026
mcnp_sims/field/compute/input/0_31.txt,0_31,const,12219.00672025109,-7081.019193341112
mcnp_sims/field/compute/input/0_32.txt,0_32,const,6711.502295197752,-7081.019193341112
mcnp_sims/field/compute/input/0_33.txt,0_33,const,1203.9978701444124,-7081.019193341112
mcnp_sims/field/compute/input/0_34.txt,0_34,const,-4303.506554908927,-7081.019193341112
mcnp_sims/field/compute/input/0_35.txt,0_35,const,-9811.010979962295,-7081.019193341112
mcnp_sims/field/compute/input/0_36.txt,0_36,const,-15318.515405015634,-7081.019193341112
mcnp_sims/field/compute/input/0_37.txt,0_37,const,-12327.690828126382,-6403.913685026198
mcnp_sims/field/compute/input/0_38.txt,0_38,const,-6820.186403073043,-6403.913685026198
mcnp_sims/field/compute/input/0_39.txt,0_39,const,-1312.6819780196747,-6403.913685026198
mcnp_sims/field/compute/input/0_40.txt,0_40,const,4194.8224470336645,-6403.913685026198
mcnp_sims/field/compute/input/0_41.txt,0_41,const,9702.326872087004,-6403.913685026198
mcnp_sims/field/compute/input/0_42.txt,0_42,const,15209.831297140343,-6403.913685026198
mcnp_sims/field/compute/input/0_43.txt,0_43,const,12751.304279664277,-5726.808176711285
mcnp_sims/field/compute/input/0_44.txt,0_44,const,7243.799854610908,-5726.808176711285
mcnp_sims/field/compute/input/0_45.txt,0_45,const,1736.2954295575692,-5726.808176711285
mcnp_sims/field/compute/input/0_46.txt,0_46,const,-3771.20899549577,-5726.808176711285
mcnp_sims/field/compute/input/0_47.txt,0_47,const,-9278.71342054911,-5726.808176711285
mcnp_sims/field/compute/input/0_48.txt,0_48,const,-14786.217845602449,-5726.808176711285
mcnp_sims/field/compute/input/0_49.txt,0_49,const,-12859.988387539539,-5049.702668396371
mcnp_sims/field/compute/input/0_50.txt,0_50,const,-7352.483962486229,-5049.702668396371
mcnp_sims/field/compute/input/0_51.txt,0_51,const,-1844.9795374328605,-5049.702668396371
mcnp_sims/field/compute/input/0_52.txt,0_52,const,3662.524887620508,-5049.702668396371
mcnp_sims/field/compute/input/0_53.txt,0_53,const,9170.029312673818,-5049.702668396371
mcnp_sims/field/compute/input/0_54.txt,0_54,const,14677.533737727186,-5049.702668396371
mcnp_sims/field/compute/input/0_55.txt,0_55,const,13283.601839077404,-4372.597160081458
mcnp_sims/field/compute/input/0_56.txt,0_56,const,7776.097414024094,-4372.597160081458
mcnp_sims/field/compute/input/0_57.txt,0_57,const,2268.592988970726,-4372.597160081458
mcnp_sims/field/compute/input/0_58.txt,0_58,const,-3238.9114360825843,-4372.597160081458
mcnp_sims/field/compute/input/0_59.txt,0_59,const,-8746.415861135953,-4372.597160081458
mcnp_sims/field/compute/input/0_60.txt,0_60,const,-14253.92028618932,-4372.597160081458
mcnp_sims/field/compute/input/0_61.txt,0_61,const,-13392.285946952725,-3695.4916517665442
mcnp_sims/field/compute/input/0_62.txt,0_62,const,-7884.781521899356,-3695.4916517665442
mcnp_sims/field/compute/input/0_63.txt,0_63,const,-2377.2770968460463,-3695.4916517665442
mcnp_sims/field/compute/input/0_64.txt,0_64,const,3130.227328207322,-3695.4916517665442
mcnp_sims/field/compute/input/0_65.txt,0_65,const,8637.73175326069,-3695.4916517665442
mcnp_sims/field/compute/input/0_66.txt,0_66,const,14145.236178314,-3695.4916517665442
mcnp_sims/field/compute/input/0_67.txt,0_67,const,13815.89939849059,-3018.3861434516302
mcnp_sims/field/compute/input/0_68.txt,0_68,const,8308.39497343728,-3018.3861434516302
mcnp_sims/field/compute/input/0_69.txt,0_69,const,2800.8905483839117,-3018.3861434516302
mcnp_sims/field/compute/input/0_70.txt,0_70,const,-2706.6138766694567,-3018.3861434516302
mcnp_sims/field/compute/input/0_71.txt,0_71,const,-8214.118301722767,-3018.3861434516302
mcnp_sims/field/compute/input/0_72.txt,0_72,const,-13721.622726776135,-3018.3861434516302
mcnp_sims/field/compute/input/0_73.txt,0_73,const,-13924.58350636591,-2341.2806351367162
mcnp_sims/field/compute/input/0_74.txt,0_74,const,-8417.079081312542,-2341.2806351367162
mcnp_sims/field/compute/input/0_75.txt,0_75,const,-2909.574656259174,-2341.2806351367162
mcnp_sims/field/compute/input/0_76.txt,0_76,const,2597.929768794136,-2341.2806351367162
mcnp_sims/field/compute/input/0_77.txt,0_77,const,8105.4341938475045,-2341.2806351367162
mcnp_sims/field/compute/input/0_78.txt,0_78,const,13612.938618900873,-2341.2806351367162
mcnp_sims/field/compute/input/0_79.txt,0_79,const,14348.196957903776,-1664.1751268218031
mcnp_sims/field/compute/input/0_80.txt,0_80,const,8840.692532850408,-1664.1751268218031
mcnp_sims/field/compute/input/0_81.txt,0_81,const,3333.1881077970975,-1664.1751268218031
mcnp_sims/field/compute/input/0_82.txt,0_82,const,-2174.316317256271,-1664.1751268218031
mcnp_sims/field/compute/input/0_83.txt,0_83,const,-7681.820742309639,-1664.1751268218031
mcnp_sims/field/compute/input/0_84.txt,0_84,const,-13189.32516736295,-1664.1751268218031
mcnp_sims/field/compute/input/0_85.txt,0_85,const,-14456.881065779038,-987.06961850689
mcnp_sims/field/compute/input/0_86.txt,0_86,const,-8949.376640725728,-987.06961850689
mcnp_sims/field/compute/input/0_87.txt,0_87,const,-3441.8722156723597,-987.06961850689
mcnp_sims/field/compute/input/0_88.txt,0_88,const,2065.6322093810086,-987.06961850689
mcnp_sims/field/compute/input/0_89.txt,0_89,const,7573.136634434319,-987.06961850689
mcnp_sims/field/compute/input/0_90.txt,0_90,const,13080.641059487687,-987.06961850689
mcnp_sims/field/compute/input/0_91.txt,0_91,const,14880.494517316962,-309.96411019197694
mcnp_sims/field/compute/input/0_92.txt,0_92,const,9372.990092263593,-309.96411019197694
mcnp_sims/field/compute/input/0_93.txt,0_93,const,3865.485667210225,-309.96411019197694
mcnp_sims/field/compute/input/0_94.txt,0_94,const,-1642.018757843085,-309.96411019197694
mcnp_sims/field/compute/input/0_95.txt,0_95,const,-7149.523182896453,-309.96411019197694
mcnp_sims/field/compute/input/0_96.txt,0_96,const,-12657.027607949763,-309.96411019197694
mcnp_sims/field/compute/input/0_97.txt,0_97,const,-14989.178625192224,367.14139812293797
mcnp_sims/field/compute/input/0_98.txt,0_98,const,-9481.674200138856,367.14139812293797
mcnp_sims/field/compute/input/0_99.txt,0_99,const,-3974.1697750854873,367.14139812293797
mcnp_sims/field/compute/input/0_100.txt,0_100,const,1533.3346499677646,367.14139812293797
mcnp_sims/field/compute/input/0_101.txt,0_101,const,7040.839075021133,367.14139812293797
mcnp_sims/field/compute/input/0_102.txt,0_102,const,12548.343500074501,367.14139812293797
mcnp_sims/field/compute/input/0_103.txt,0_103,const,15412.79207673009,1044.246906437851
mcnp_sims/field/compute/input/0_104.txt,0_104,const,9905.287651676721,1044.246906437851
mcnp_sims/field/compute/input/0_105.txt,0_105,const,4397.783226623469,1044.246906437851
mcnp_sims/field/compute/input/0_106.txt,0_106,const,-1109.7211984298992,1044.246906437851
mcnp_sims/field/compute/input/0_107.txt,0_107,const,-6617.225623483268,1044.246906437851
mcnp_sims/field/compute/input/0_108.txt,0_108,const,-12124.730048536636,1044.246906437851
mcnp_sims/field/compute/input/0_109.txt,0_109,const,-15521.476184605352,1721.3524147527642
mcnp_sims/field/compute/input/0_110.txt,0_110,const,-10013.971759551983,1721.3524147527642
mcnp_sims/field/compute/input/0_111.txt,0_111,const,-4506.467334498731,1721.3524147527642
mcnp_sims/field/compute/input/0_112.txt,0_112,const,1001.037090554637,1721.3524147527642
mcnp_sims/field/compute/input/0_113.txt,0_113,const,6508.541515608005,1721.3524147527642
mcnp_sims/field/compute/input/0_114.txt,0_114,const,12016.045940661374,1721.3524147527642
mcnp_sims/field/compute/input/0_115.txt,0_115,const,15945.089636143217,2398.457923067679
mcnp_sims/field/compute/input/0_116.txt,0_116,const,10437.585211089965,2398.457923067679
mcnp_sims/field/compute/input/0_117.txt,0_117,const,4930.080786036597,2398.457923067679
mcnp_sims/field/compute/input/0_118.txt,0_118,const,-577.4236390167716,2398.457923067679
mcnp_sims/field/compute/input/0_119.txt,0_119,const,-6084.92806407014,2398.457923067679
mcnp_sims/field/compute/input/0_120.txt,0_120,const,-11592.432489123508,2398.457923067679
mcnp_sims/field/compute/input/0_121.txt,0_121,const,-15923.65571984005,3075.563431382592
mcnp_sims/field/compute/input/0_122.txt,0_122,const,-10416.151294786681,3075.563431382592
mcnp_sims/field/compute/input/0_123.txt,0_123,const,-4908.646869733313,3075.563431382592
mcnp_sims/field/compute/input/0_124.txt,0_124,const,598.8575553200553,3075.563431382592
mcnp_sims/field/compute/input/0_125.txt,0_125,const,6106.361980373424,3075.563431382592
mcnp_sims/field/compute/input/0_126.txt,0_126,const,11613.866405426676,3075.563431382592
mcnp_sims/field/compute/input/0_127.txt,0_127,const,16347.269171377913,3752.6689396975053
mcnp_sims/field/compute/input/0_128.txt,0_128,const,10839.764746324548,3752.6689396975053
mcnp_sims/field/compute/input/0_129.txt,0_129,const,5332.260321271186,3752.6689396975053
mcnp_sims/field/compute/input/0_130.txt,0_130,const,-175.24410378217726,3752.6689396975053
mcnp_sims/field/compute/input/0_131.txt,0_131,const,-5682.7485288354255,3752.6689396975053
mcnp_sims/field/compute/input/0_132.txt,0_132,const,-11190.252953888787,3752.6689396975053
mcnp_sims/field/compute/input/0_133.txt,0_133,const,-13043.632250958952,4429.77444801242
mcnp_sims/field/compute/input/0_134.txt,0_134,const,-7536.1278259055725,4429.77444801242
mcnp_sims/field/compute/input/0_135.txt,0_135,const,-2028.6234008521951,4429.77444801242
mcnp_sims/field/compute/input/0_136.txt,0_136,const,3478.881024201066,4429.77444801242
mcnp_sims/field/compute/input/0_137.txt,0_137,const,8986.385449254445,4429.77444801242
mcnp_sims/field/compute/input/0_138.txt,0_138,const,14493.889874307824,4429.77444801242
mcnp_sims/field/compute/input/0_139.txt,0_139,const,13467.245702496764,5106.879956327333
mcnp_sims/field/compute/input/0_140.txt,0_140,const,7959.741277443392,5106.879956327333
mcnp_sims/field/compute/input/0_141.txt,0_141,const,2452.236852390137,5106.879956327333
mcnp_sims/field/compute/input/0_142.txt,0_142,const,-3055.267572663237,5106.879956327333
mcnp_sims/field/compute/input/0_143.txt,0_143,const,-8562.771997716609,5106.879956327333
mcnp_sims/field/compute/input/0_144.txt,0_144,const,-10452.57155979687,5783.985464642248
mcnp_sims/field/compute/input/0_145.txt,0_145,const,-4945.067134743505,5783.985464642248
mcnp_sims/field/compute/input/0_146.txt,0_146,const,562.4372903097428,5783.985464642248
mcnp_sims/field/compute/input/0_147.txt,0_147,const,6069.9417153631075,5783.985464642248
mcnp_sims/field/compute/input/0_148.txt,0_148,const,11577.446140416472,5783.985464642248
mcnp_sims/field/compute/input/0_149.txt,0_149,const,16383.689436388122,6461.0909729571595
mcnp_sims/field/compute/input/0_150.txt,0_150,const,10876.185011334765,6461.0909729571595
mcnp_sims/field/compute/input/0_151.txt,0_151,const,5368.680586281405,6461.0909729571595
mcnp_sims/field/compute/input/0_152.txt,0_152,const,-138.82383877183747,6461.0909729571595
mcnp_sims/field/compute/input/0_153.txt,0_153,const,-5646.328263825195,6461.0909729571595
mcnp_sims/field/compute/input/0_154.txt,0_154,const,-8150.473646354043,7138.196481272074
mcnp_sims/field/compute/input/0_155.txt,0_155,const,-2642.9692213006674,7138.196481272074
mcnp_sims/field/compute/input/0_156.txt,0_156,const,2864.535203752708,7138.196481272074
mcnp_sims/field/compute/input/0_157.txt,0_157,const,8372.039628805967,7138.196481272074
mcnp_sims/field/compute/input/0_158.txt,0_158,const,13879.544053859343,7138.196481272074
mcnp_sims/field/compute/input/0_159.txt,0_159,const,14081.591522945244,7815.301989586989
mcnp_sims/field/compute/input/0_160.txt,0_160,const,8574.087097891876,7815.301989586989
mcnp_sims/field/compute/input/0_161.txt,0_161,const,3066.5826728385073,7815.301989586989
mcnp_sims/field/compute/input/0_162.txt,0_162,const,-2440.9217522147446,7815.301989586989
mcnp_sims/field/compute/input/0_163.txt,0_163,const,-6083.184225701303,8270.504318287456
mcnp_sims/field/compute/input/0_164.txt,0_164,const,-629.8340855768738,8492.4074979019
mcnp_sims/field/compute/input/0_165.txt,0_165,const,4877.670339476486,8492.4074979019
mcnp_sims/field/compute/input/0_166.txt,0_166,const,10385.174764529847,8492.4074979019
mcnp_sims/field/compute/input/0_167.txt,0_167,const,15892.679189583092,8492.4074979019
mcnp_sims/field/compute/input/0_168.txt,0_168,const,12068.45638722149,9169.513006216815
mcnp_sims/field/compute/input/0_169.txt,0_169,const,6560.951962168108,9169.513006216815
mcnp_sims/field/compute/input/0_170.txt,0_170,const,1053.4475371147255,9169.513006216815
mcnp_sims/field/compute/input/0_171.txt,0_171,const,-4259.509014504711,9216.991374884465
mcnp_sims/field/compute/input/0_172.txt,0_172,const,1094.3382724278117,9846.618514531727
mcnp_sims/field/compute/input/0_173.txt,0_173,const,6601.842697481186,9846.618514531727
mcnp_sims/field/compute/input/0_174.txt,0_174,const,12109.34712253456,9846.618514531727
mcnp_sims/field/compute/input/0_175.txt,0_175,const,15851.788454270027,10523.724022846642
mcnp_sims/field/compute/input/0_176.txt,0_176,const,10344.284029216662,10523.724022846642
mcnp_sims/field/compute/input/0_177.txt,0_177,const,4836.779604163416,10523.724022846642
mcnp_sims/field/compute/input/0_178.txt,0_178,const,-670.7248208899473,10523.724022846642
mcnp_sims/field/compute/input/0_179.txt,0_179,const,2529.54785271346,11200.829531161557
mcnp_sims/field/compute/input/0_180.txt,0_180,const,8037.052277766812,11200.829531161557
mcnp_sims/field/compute/input/0_181.txt,0_181,const,13544.556702820164,11200.829531161557
mcnp_sims/field/compute/input/0_182.txt,0_182,const,14416.578873984548,11877.935039476472
mcnp_sims/field/compute/input/0_183.txt,0_183,const,8909.07444893117,11877.935039476472
mcnp_sims/field/compute/input/0_184.txt,0_184,const,3401.5700238777918,11877.935039476472
mcnp_sims/field/compute/input/0_185.txt,0_185,const,3675.7946552799913,12555.040547791383
mcnp_sims/field/compute/input/0_186.txt,0_186,const,9183.29908033336,12555.040547791383
mcnp_sims/field/compute/input/0_187.txt,0_187,const,14690.803505386612,12555.040547791383
mcnp_sims/field/compute/input/0_188.txt,0_188,const,13270.332071417986,13232.146056106294
mcnp_sims/field/compute/input/0_189.txt,0_189,const,7762.827646364631,13232.146056106294
mcnp_sims/field/compute/input/0_190.txt,0_190,const,4561.001546397312,13794.834527664492
mcnp_sims/field/compute/input/0_191.txt,0_191,const,10040.58310518077,13909.251564421209
mcnp_sims/field/compute/input/0_192.txt,0_192,const,15548.087530234046,13909.251564421209
mcnp_sims/field/compute/input/0_193.txt,0_193,const,12413.048046570462,14586.357072736124
mcnp_sims/field/compute/input/0_194.txt,0_194,const,6905.543621517263,14586.357072736124
mcnp_sims/field/compute/input/0_195.txt,0_195,const,10608.90435230888,15263.462581051039
mcnp_sims/field/compute/input/0_196.txt,0_196,const,16116.408777362354,15263.462581051039
mcnp_sims/field/compute/input/0_197.txt,0_197,const,11844.726799442316,15940.568089365954
mcnp_sims/field/compute/input/0_198.txt,0_198,const,10888.262821718341,16617.673597680863
mcnp_sims/field/compute/input/0_199.txt,0_199,const,16395.767246771524,16617.673597680863
mcnp_sims/field/compute/input/1_0.txt,1_0,linear,-16238.302574940222,-10466.54673491568
mcnp_sims/field/compute/input/1_1.txt,1_1,linear,-10730.798149886876,-10466.54673491568
mcnp_sims/field/compute/input/1_2.txt,1_2,linear,-5223.293724833531,-10466.54673491568
mcnp_sims/field/compute/input/1_3.txt,1_3,linear,284.2107002198136,-10466.54673491568
mcnp_sims/field/compute/input/1_4.txt,1_4,linear,5791.71512527316,-10466.54673491568
mcnp_sims/field/compute/input/1_5.txt,1_5,linear,11299.219550326507,-10466.54673491568
mcnp_sims/field/compute/input/1_6.txt,1_6,linear,16395.767246771524,-10055.590006307353
mcnp_sims/field/compute/input/1_7.txt,1_7,linear,11154.411601424763,-9789.441226600768
mcnp_sims/field/compute/input/1_8.txt,1_8,linear,5646.907176371416,-9789.441226600768
mcnp_sims/field/compute/input/1_9.txt,1_9,linear,139.40275131806993,-9789.441226600768
mcnp_sims/field/compute/input/1_10.txt,1_10,linear,-5368.101673735277,-9789.441226600768
mcnp_sims/field/compute/input/1_11.txt,1_11,linear,-10875.606098788623,-9789.441226600768
mcnp_sims/field/compute/input/1_12.txt,1_12,linear,-16238.302574940222,-9644.633277699028
mcnp_sims/field/compute/input/1_13.txt,1_13,linear,-11263.09570930004,-9112.335718285853
mcnp_sims/field/compute/input/1_14.txt,1_14,linear,-5755.5912842467005,-9112.335718285853
mcnp_sims/field/compute/input/1_15.txt,1_15,linear,-248.08685919334675,-9112.335718285853
mcnp_sims/field/compute/input/1_16.txt,1_16,linear,5259.4175658599925,-9112.335718285853
mcnp_sims/field/compute/input/1_17.txt,1_17,linear,10766.921990913332,-9112.335718285853
mcnp_sims/field/compute/input/1_18.txt,1_18,linear,16274.426415966685,-9112.335718285853
mcnp_sims/field/compute/input/1_19.txt,1_19,linear,11686.709160837934,-8435.23020997094
mcnp_sims/field/compute/input/1_20.txt,1_20,linear,6179.20473578458,-8435.23020997094
mcnp_sims/field/compute/input/1_21.txt,1_21,linear,671.7003107312412,-8435.23020997094
mcnp_sims/field/compute/input/1_22.txt,1_22,linear,-4835.804114322113,-8435.23020997094
mcnp_sims/field/compute/input/1_23.txt,1_23,linear,-10343.308539375452,-8435.23020997094
mcnp_sims/field/compute/input/1_24.txt,1_24,linear,-15850.812964428791,-8435.23020997094
mcnp_sims/field/compute/input/1_25.txt,1_25,linear,-11795.393268713226,-7758.124701656026
mcnp_sims/field/compute/input/1_26.txt,1_26,linear,-6287.888843659857,-7758.124701656026
mcnp_sims/field/compute/input/1_27.txt,1_27,linear,-780.384418606518,-7758.124701656026
mcnp_sims/field/compute/input/1_28.txt,1_28,linear,4727.120006446821,-7758.124701656026
mcnp_sims/field/compute/input/1_29.txt,1_29,linear,10234.62443150016,-7758.124701656026
mcnp_sims/field/compute/input/1_30.txt,1_30,linear,15742.128856553529,-7758.124701656026
mcnp_sims/field/compute/input/1_31.txt,1_31,linear,12219.00672025109,-7081.019193341112
mcnp_sims/field/compute/input/1_32.txt,1_32,linear,6711.502295197752,-7081.019193341112
mcnp_sims/field/compute/input/1_33.txt,1_33,linear,1203.9978701444124,-7081.019193341112
mcnp_sims/field/compute/input/1_34.txt,1_34,linear,-4303.506554908927,-7081.019193341112
mcnp_sims/field/compute/input/1_35.txt,1_35,linear,-9811.010979962295,-7081.019193341112
mcnp_sims/field/compute/input/1_36.txt,1_36,linear,-15318.515405015634,-7081.019193341112
mcnp_sims/field/compute/input/1_37.txt,1_37,linear,-12327.690828126382,-6403.913685026198
mcnp_sims/field/compute/input/1_38.txt,1_38,linear,-6820.186403073043,-6403.913685026198
mcnp_sims/field/compute/input/1_39.txt,1_39,linear,-1312.6819780196747,-6403.913685026198
mcnp_sims/field/compute/input/1_40.txt,1_40,linear,4194.8224470336645,-6403.913685026198
mcnp_sims/field/compute/input/1_41.txt,1_41,linear,9702.326872087004,-6403.913685026198
mcnp_sims/field/compute/input/1_42.txt,1_42,linear,15209.831297140343,-6403.913685026198
mcnp_sims/field/compute/input/1_43.txt,1_43,linear,12751.304279664277,-5726.808176711285
mcnp_sims/field/compute/input/1_44.txt,1_44,linear,7243.799854610908,-5726.808176711285
mcnp_sims/field/compute/input/1_45.txt,1_45,linear,1736.2954295575692,-5726.808176711285
mcnp_sims/field/compute/input/1_46.txt,1_46,linear,-3771.20899549577,-5726.808176711285
mcnp_sims/field/compute/input/1_47.txt,1_47,linear,-9278.71342054911,-5726.808176711285
mcnp_sims/field/compute/input/1_48.txt,1_48,linear,-14786.217845602449,-5726.808176711285
mcnp_sims/field/compute/input/1_49.txt,1_49,linear,-12859.988387539539,-5049.702668396371
mcnp_sims/field/compute/input/1_50.txt,1_50,linear,-7352.483962486229,-5049.702668396371
mcnp_sims/field/compute/input/1_51.txt,1_51,linear,-1844.9795374328605,-5049.702668396371
mcnp_sims/field/compute/input/1_52.txt,1_52,linear,3662.524887620508,-5049.702668396371
mcnp_sims/field/compute/input/1_53.txt,1_53,linear,9170.029312673818,-5049.702668396371
mcnp_sims/field/compute/input/1_54.txt,1_54,linear,14677.533737727186,-5049.702668396371
mcnp_sims/field/compute/input/1_55.txt,1_55,linear,13283.601839077404,-4372.597160081458
mcnp_sims/field/compute/input/1_56.txt,1_56,linear,7776.097414024094,-4372.597160081458
mcnp_sims/field/compute/input/1_57.txt,1_57,linear,2268.592988970726,-4372.597160081458
mcnp_sims/field/compute/input/1_58.txt,1_58,linear,-3238.9114360825843,-4372.597160081458
mcnp_sims/field/compute/input/1_59.txt,1_59,linear,-8746.415861135953,-4372.597160081458
mcnp_sims/field/compute/input/1_60.txt,1_60,linear,-14253.92028618932,-4372.597160081458
mcnp_sims/field/compute/input/1_61.txt,1_61,linear,-13392.285946952725,-3695.4916517665442
mcnp_sims/field/compute/input/1_62.txt,1_62,linear,-7884.781521899356,-3695.4916517665442
mcnp_sims/field/compute/input/1_63.txt,1_63,linear,-2377.2770968460463,-3695.4916517665442
mcnp_sims/field/compute/input/1_64.txt,1_64,linear,3130.227328207322,-3695.4916517665442
mcnp_sims/field/compute/input/1_65.txt,1_65,linear,8637.73175326069,-3695.4916517665442
mcnp_sims/field/compute/input/1_66.txt,1_66,linear,14145.236178314,-3695.4916517665442
mcnp_sims/field/compute/input/1_67.txt,1_67,linear,13815.89939849059,-3018.3861434516302
mcnp_sims/field/compute/input/1_68.txt,1_68,linear,8308.39497343728,-3018.3861434516302
mcnp_sims/field/compute/input/1_69.txt,1_69,linear,2800.8905483839117,-3018.3861434516302
mcnp_sims/field/compute/input/1_70.txt,1_70,linear,-2706.6138766694567,-3018.3861434516302
mcnp_sims/field/compute/input/1_71.txt,1_71,linear,-8214.118301722767,-3018.3861434516302
mcnp_sims/field/compute/input/1_72.txt,1_72,linear,-13721.622726776135,-3018.3861434516302
mcnp_sims/field/compute/input/1_73.txt,1_73,linear,-13924.58350636591,-2341.2806351367162
mcnp_sims/field/compute/input/1_74.txt,1_74,linear,-8417.079081312542,-2341.2806351367162
mcnp_sims/field/compute/input/1_75.txt,1_75,linear,-2909.574656259174,-2341.2806351367162
mcnp_sims/field/compute/input/1_76.txt,1_76,linear,2597.929768794136,-2341.2806351367162
mcnp_sims/field/compute/input/1_77.txt,1_77,linear,8105.4341938475045,-2341.2806351367162
mcnp_sims/field/compute/input/1_78.txt,1_78,linear,13612.938618900873,-2341.2806351367162
mcnp_sims/field/compute/input/1_79.txt,1_79,linear,14348.196957903776,-1664.1751268218031
mcnp_sims/field/compute/input/1_80.txt,1_80,linear,8840.692532850408,-1664.1751268218031
mcnp_sims/field/compute/input/1_81.txt,1_81,linear,3333.1881077970975,-1664.1751268218031
mcnp_sims/field/compute/input/1_82.txt,1_82,linear,-2174.316317256271,-1664.1751268218031
mcnp_sims/field/compute/input/1_83.txt,1_83,linear,-7681.820742309639,-1664.1751268218031
mcnp_sims/field/compute/input/1_84.txt,1_84,linear,-13189.32516736295,-1664.1751268218031
mcnp_sims/field/compute/input/1_85.txt,1_85,linear,-14456.881065779038,-987.06961850689
mcnp_sims/field/compute/input/1_86.txt,1_86,linear,-8949.376640725728,-987.06961850689
mcnp_sims/field/compute/input/1_87.txt,1_87,linear,-3441.8722156723597,-987.06961850689
mcnp_sims/field/compute/input/1_88.txt,1_88,linear,2065.6322093810086,-987.06961850689
mcnp_sims/field/compute/input/1_89.txt,1_89,linear,7573.136634434319,-987.06961850689
mcnp_sims/field/compute/input/1_90.txt,1_90,linear,13080.641059487687,-987.06961850689
mcnp_sims/field/compute/input/1_91.txt,1_91,linear,14880.494517316962,-309.96411019197694
mcnp_sims/field/compute/input/1_92.txt,1_92,linear,9372.990092263593,-309.96411019197694
mcnp_sims/field/compute/input/1_93.txt,1_93,linear,3865.485667210225,-309.96411019197694
mcnp_sims/field/compute/input/1_94.txt,1_94,linear,-1642.018757843085,-309.96411019197694
mcnp_sims/field/compute/input/1_95.txt,1_95,linear,-7149.523182896453,-309.96411019197694
mcnp_sims/field/compute/input/1_96.txt,1_96,linear,-12657.027607949763,-309.96411019197694
mcnp_sims/field/compute/input/1_97.txt,1_97,linear,-14989.178625192224,367.14139812293797
mcnp_sims/field/compute/input/1_98.txt,1_98,linear,-9481.674200138856,367.14139812293797
mcnp_sims/field/compute/input/1_99.txt,1_99,linear,-3974.1697750854873,367.14139812293797
mcnp_sims/field/compute/input/1_100.txt,1_100,linear,1533.3346499677646,367.14139812293797
mcnp_sims/field/compute/input/1_101.txt,1_101,linear,7040.839075021133,367.14139812293797
mcnp_sims/field/compute/input/1_102.txt,1_102,linear,12548.343500074501,367.14139812293797
mcnp_sims/field/compute/input/1_103.txt,1_103,linear,15412.79207673009,1044.246906437851
mcnp_sims/field/compute/input/1_104.txt,1_104,linear,9905.287651676721,1044.246906437851
mcnp_sims/field/compute/input/1_105.txt,1_105,linear,4397.783226623469,1044.246906437851
mcnp_sims/field/compute/input/1_106.txt,1_106,linear,-1109.7211984298992,1044.246906437851
mcnp_sims/field/compute/input/1_107.txt,1_107,linear,-6617.225623483268,1044.246906437851
mcnp_sims/field/compute/input/1_108.txt,1_108,linear,-12124.730048536636,1044.246906437851
mcnp_sims/field/compute/input/1_109.txt,1_109,linear,-15521.476184605352,1721.3524147527642
mcnp_sims/field/compute/input/1_110.txt,1_110,linear,-10013.971759551983,1721.3524147527642
mcnp_sims/field/compute/input/1_111.txt,1_111,linear,-4506.467334498731,1721.3524147527642
mcnp_sims/field/compute/input/1_112.txt,1_112,linear,1001.037090554637,1721.3524147527642
mcnp_sims/field/compute/input/1_113.txt,1_113,linear,6508.541515608005,1721.3524147527642
mcnp_sims/field/compute/input/1_114.txt,1_114,linear,12016.045940661374,1721.3524147527642
mcnp_sims/field/compute/input/1_115.txt,1_115,linear,15945.089636143217,2398.457923067679
mcnp_sims/field/compute/input/1_116.txt,1_116,linear,10437.585211089965,2398.457923067679
mcnp_sims/field/compute/input/1_117.txt,1_117,linear,4930.080786036597,2398.457923067679
mcnp_sims/field/compute/input/1_118.txt,1_118,linear,-577.4236390167716,2398.457923067679
mcnp_sims/field/compute/input/1_119.txt,1_119,linear,-6084.92806407014,2398.457923067679
mcnp_sims/field/compute/input/1_120.txt,1_120,linear,-11592.432489123508,2398.457923067679
mcnp_sims/field/compute/input/1_121.txt,1_121,linear,-15923.65571984005,3075.563431382592
mcnp_sims/field/compute/input/1_122.txt,1_122,linear,-10416.151294786681,3075.563431382592
mcnp_sims/field/compute/input/1_123.txt,1_123,linear,-4908.646869733313,3075.563431382592
mcnp_sims/field/compute/input/1_124.txt,1_124,linear,598.8575553200553,3075.563431382592
mcnp_sims/field/compute/input/1_125.txt,1_125,linear,6106.361980373424,3075.563431382592
mcnp_sims/field/compute/input/1_126.txt,1_126,linear,11613.866405426676,3075.563431382592
mcnp_sims/field/compute/input/1_127.txt,1_127,linear,16347.269171377913,3752.6689396975053
mcnp_sims/field/compute/input/1_128.txt,1_128,linear,10839.764746324548,3752.6689396975053
mcnp_sims/field/compute/input/1_129.txt,1_129,linear,5332.260321271186,3752.6689396975053
mcnp_sims/field/compute/input/1_130.txt,1_130,linear,-175.24410378217726,3752.6689396975053
mcnp_sims/field/compute/input/1_131.txt,1_131,linear,-5682.7485288354255,3752.6689396975053
mcnp_sims/field/compute/input/1_132.txt,1_132,linear,-11190.252953888787,3752.6689396975053
mcnp_sims/field/compute/input/1_133.txt,1_133,linear,-13043.632250958952,4429.77444801242
mcnp_sims/field/compute/input/1_134.txt,1_134,linear,-7536.1278259055725,4429.77444801242
mcnp_sims/field/compute/input/1_135.txt,1_135,linear,-2028.6234008521951,4429.77444801242
mcnp_sims/field/compute/input/1_136.txt,1_136,linear,3478.881024201066,4429.77444801242
mcnp_sims/field/compute/input/1_137.txt,1_137,linear,8986.385449254445,4429.77444801242
mcnp_sims/field/compute/input/1_138.txt,1_138,linear,14493.889874307824,4429.77444801242
mcnp_sims/field/compute/input/1_139.txt,1_139,linear,13467.245702496764,5106.879956327333
mcnp_sims/field/compute/input/1_140.txt,1_140,linear,7959.741277443392,5106.879956327333
mcnp_sims/field/compute/input/1_141.txt,1_141,linear,2452.236852390137,5106.879956327333
mcnp_sims/field/compute/input/1_142.txt,1_142,linear,-3055.267572663237,5106.879956327333
mcnp_sims/field/compute/input/1_143.txt,1_143,linear,-8562.771997716609,5106.879956327333
mcnp_sims/field/compute/input/1_144.txt,1_144,linear,-10452.57155979687,5783.985464642248
mcnp_sims/field/compute/input/1_145.txt,1_145,linear,-4945.067134743505,5783.985464642248
mcnp_sims/field/compute/input/1_146.txt,1_146,linear,562.4372903097428,5783.985464642248
mcnp_sims/field/compute/input/1_147.txt,1_147,linear,6069.9417153631075,5783.985464642248
mcnp_sims/field/compute/input/1_148.txt,1_148,linear,11577.446140416472,5783.985464642248
mcnp_sims/field/compute/input/1_149.txt,1_149,linear,16383.689436388122,6461.0909729571595
mcnp_sims/field/compute/input/1_150.txt,1_150,linear,10876.185011334765,6461.0909729571595
mcnp_sims/field/compute/input/1_151.txt,1_151,linear,5368.680586281405,6461.0909729571595
mcnp_sims/field/compute/input/1_152.txt,1_152,linear,-138.82383877183747,6461.0909729571595
mcnp_sims/field/compute/input/1_153.txt,1_153,linear,-5646.328263825195,6461.0909729571595
mcnp_sims/field/compute/input/1_154.txt,1_154,linear,-8150.473646354043,7138.196481272074
mcnp_sims/field/compute/input/1_155.txt,1_155,linear,-2642.9692213006674,7138.196481272074
mcnp_sims/field/compute/input/1_156.txt,1_156,linear,2864.535203752708,7138.196481272074
mcnp_sims/field/compute/input/1_157.txt,1_157,linear,8372.039628805967,7138.196481272074
mcnp_sims/field/compute/input/1_158.txt,1_158,linear,13879.544053859343,7138.196481272074
mcnp_sims/field/compute/input/1_159.txt,1_159,linear,14081.591522945244,7815.301989586989
mcnp_sims/field/compute/input/1_160.txt,1_160,linear,8574.087097891876,7815.301989586989
mcnp_sims/field/compute/input/1_161.txt,1_161,linear,3066.5826728385073,7815.301989586989
mcnp_sims/field/compute/input/1_162.txt,1_162,linear,-2440.9217522147446,7815.301989586989
mcnp_sims/field/compute/input/1_163.txt,1_163,linear,-6083.184225701303,8270.504318287456
mcnp_sims/field/compute/input/1_164.txt,1_164,linear,-629.8340855768738,8492.4074979019
mcnp_sims/field/compute/input/1_165.txt,1_165,linear,4877.670339476486,8492.4074979019
mcnp_sims/field/compute/input/1_166.txt,1_166,linear,10385.174764529847,8492.4074979019
mcnp_sims/field/compute/input/1_167.txt,1_167,linear,15892.679189583092,8492.4074979019
mcnp_sims/field/compute/input/1_168.txt,1_168,linear,12068.45638722149,9169.513006216815
mcnp_sims/field/compute/input/1_169.txt,1_169,linear,6560.951962168108,9169.513006216815
mcnp_sims/field/compute/input/1_170.txt,1_170,linear,1053.4475371147255,9169.513006216815
mcnp_sims/field/compute/input/1_171.txt,1_171,linear,-4259.509014504711,9216.991374884465
mcnp_sims/field/compute/input/1_172.txt,1_172,linear,1094.3382724278117,9846.618514531727
mcnp_sims/field/compute/input/1_173.txt,1_173,linear,6601.842697481186,9846.618514531727
mcnp_sims/field/compute/input/1_174.txt,1_174,linear,12109.34712253456,9846.618514531727
mcnp_sims/field/compute/input/1_175.txt,1_175,linear,15851.788454270027,10523.724022846642
mcnp_sims/field/compute/input/1_176.txt,1_176,linear,10344.284029216662,10523.724022846642
mcnp_sims/field/compute/input/1_177.txt,1_177,linear,4836.779604163416,10523.724022846642
mcnp_sims/field/compute/input/1_178.txt,1_178,linear,-670.7248208899473,10523.724022846642
mcnp_sims/field/compute/input/1_179.txt,1_179,linear,2529.54785271346,11200.829531161557
mcnp_sims/field/compute/input/1_180.txt,1_180,linear,8037.052277766812,11200.829531161557
mcnp_sims/field/compute/input/1_181.txt,1_181,linear,13544.556702820164,11200.829531161557
mcnp_sims/field/compute/input/1_182.txt,1_182,linear,14416.578873984548,11877.935039476472
mcnp_sims/field/compute/input/1_183.txt,1_183,linear,8909.07444893117,11877.935039476472
mcnp_sims/field/compute/input/1_184.txt,1_184,linear,3401.5700238777918,11877.935039476472
mcnp_sims/field/compute/input/1_185.txt,1_185,linear,3675.7946552799913,12555.040547791383
mcnp_sims/field/compute/input/1_186.txt,1_186,linear,9183.29908033336,12555.040547791383
mcnp_sims/field/compute/input/1_187.txt,1_187,linear,14690.803505386612,12555.040547791383
mcnp_sims/field/compute/input/1_188.txt,1_188,linear,13270.332071417986,13232.146056106294
mcnp_sims/field/compute/input/1_189.txt,1_189,linear,7762.827646364631,13232.146056106294
mcnp_sims/field/compute/input/1_190.txt,1_190,linear,4561.001546397312,13794.834527664492
mcnp_sims/field/compute/input/1_191.txt,1_191,linear,10040.58310518077,13909.251564421209
mcnp_sims/field/compute/input/1_192.txt,1_192,linear,15548.087530234046,13909.251564421209
mcnp_sims/field/compute/input/1_193.txt,1_193,linear,12413.048046570462,14586.357072736124
mcnp_sims/field/compute/input/1_194.txt,1_194,linear,6905.543621517263,14586.357072736124
mcnp_sims/field/compute/input/1_195.txt,1_195,linear,10608.90435230888,15263.462581051039
mcnp_sims/field/compute/input/1_196.txt,1_196,linear,16116.408777362354,15263.462581051039
mcnp_sims/field/compute/input/1_197.txt,1_197,linear,11844.726799442316,15940.568089365954
mcnp_sims/field/compute/input/1_198.txt,1_198,linear,10888.262821718341,16617.673597680863
mcnp_sims/field/compute/input/1_199.txt,1_199,linear,16395.767246771524,16617.673597680863
mcnp_sims/field/compute/input/2_0.txt,2_0,plane,-16238.302574940222,-10466.54673491568
mcnp_sims/field/compute/input/2_1.txt,2_1,plane,-10730.798149886876,-10466.54673491568
mcnp_sims/field/compute/input/2_2.txt,2_2,plane,-5223.293724833531,-10466.54673491568
mcnp_sims/field/compute/input/2_3.txt,2_3,plane,284.2107002198136,-10466.54673491568
mcnp_sims/field/compute/input/2_4.txt,2_4,plane,5791.71512527316,-10466.54673491568
mcnp_sims/field/compute/input/2_5.txt,2_5,plane,11299.219550326507,-10466.54673491568
mcnp_sims/field/compute/input/2_6.txt,2_6,plane,16395.767246771524,-10055.590006307353
mcnp_sims/field/compute/input/2_7.txt,2_7,plane,11154.411601424763,-9789.441226600768
mcnp_sims/field/compute/input/2_8.txt,2_8,plane,5646.907176371416,-9789.441226600768
mcnp_sims/field/compute/input/2_9.txt,2_9,plane,139.40275131806993,-9789.441226600768
mcnp_sims/field/compute/input/2_10.txt,2_10,plane,-5368.101673735277,-9789.441226600768
mcnp_sims/field/compute/input/2_11.txt,2_11,plane,-10875.606098788623,-9789.441226600768
mcnp_sims/field/compute/input/2_12.txt,2_12,plane,-16238.302574940222,-9644.633277699028
mcnp_sims/field/compute/input/2_13.txt,2_13,plane,-11263.09570930004,-9112.335718285853
mcnp_sims/field/compute/input/2_14.txt,2_14,plane,-5755.5912842467005,-9112.335718285853
mcnp_sims/field/compute/input/2_15.txt,2_15,plane,-248.08685919334675,-9112.335718285853
mcnp_sims/field/compute/input/2_16.txt,2_16,plane,5259.4175658599925,-9112.335718285853
mcnp_sims/field/compute/input/2_17.txt,2_17,plane,10766.921990913332,-9112.335718285853
mcnp_sims/field/compute/input/2_18.txt,2_18,plane,16274.426415966685,-9112.335718285853
mcnp_sims/field/compute/input/2_19.txt,2_19,plane,11686.709160837934,-8435.23020997094
mcnp_sims/field/compute/input/2_20.txt,2_20,plane,6179.20473578458,-8435.23020997094
mcnp_sims/field/compute/input/2_21.txt,2_21,plane,671.7003107312412,-8435.23020997094
mcnp_sims/field/compute/input/2_22.txt,2_22,plane,-4835.804114322113,-8435.23020997094
mcnp_sims/field/compute/input/2_23.txt,2_23,plane,-10343.308539375452,-8435.23020997094
mcnp_sims/field/compute/input/2_24.txt,2_24,plane,-15850.812964428791,-8435.23020997094
mcnp_sims/field/compute/input/2_25.txt,2_25,plane,-11795.393268713226,-7758.124701656026
mcnp_sims/field/compute/input/2_26.txt,2_26,plane,-6287.888843659857,-7758.124701656026
mcnp_sims/field/compute/input/2_27.txt,2_27,plane,-780.384418606518,-7758.124701656026
mcnp_sims/field/compute/input/2_28.txt,2_28,plane,4727.120006446821,-7758.124701656026
mcnp_sims/field/compute/input/2_29.txt,2_29,plane,10234.62443150016,-7758.124701656026
mcnp_sims/field/compute/input/2_30.txt,2_30,plane,15742.128856553529,-7758.124701656026
mcnp_sims/field/compute/input/2_31.txt,2_31,plane,12219.00672025109,-7081.019193341112
mcnp_sims/field/compute/input/2_32.txt,2_32,plane,6711.502295197752,-7081.019193341112
mcnp_sims/field/compute/input/2_33.txt,2_33,plane,1203.9978701444124,-7081.019193341112
mcnp_sims/field/compute/input/2_34.txt,2_34,plane,-4303.506554908927,-7081.019193341112
mcnp_sims/field/compute/input/2_35.txt,2_35,plane,-9811.010979962295,-7081.019193341112
mcnp_sims/field/compute/input/2_36.txt,2_36,plane,-15318.515405015634,-7081.019193341112
mcnp_sims/field/compute/input/2_37.txt,2_37,plane,-12327.690828126382,-6403.913685026198
mcnp_sims/field/compute/input/2_38.txt,2_38,plane,-6820.186403073043,-6403.913685026198
mcnp_sims/field/compute/input/2_39.txt,2_39,plane,-1312.6819780196747,-6403.913685026198
mcnp_sims/field/compute/input/2_40.txt,2_40,plane,4194.8224470336645,-6403.913685026198
mcnp_sims/field/compute/input/2_41.txt,2_41,plane,9702.326872087004,-6403.913685026198
mcnp_sims/field/compute/input/2_42.txt,2_42,plane,15209.831297140343,-6403.913685026198
mcnp_sims/field/compute/input/2_43.txt,2_43,plane,12751.304279664277,-5726.808176711285
mcnp_sims/field/compute/input/2_44.txt,2_44,plane,7243.799854610908,-5726.808176711285
mcnp_sims/field/compute/input/2_45.txt,2_45,plane,1736.2954295575692,-5726.808176711285
mcnp_sims/field/compute/input/2_46.txt,2_46,plane,-3771.20899549577,-5726.808176711285
mcnp_sims/field/compute/input/2_47.txt,2_47,plane,-9278.71342054911,-5726.808176711285
mcnp_sims/field/compute/input/2_48.txt,2_48,plane,-14786.217845602449,-5726.808176711285
mcnp_sims/field/compute/input/2_49.txt,2_49,plane,-12859.988387539539,-5049.702668396371
mcnp_sims/field/compute/input/2_50.txt,2_50,plane,-7352.483962486229,-5049.702668396371
mcnp_sims/field/compute/input/2_51.txt,2_51,plane,-1844.9795374328605,-5049.702668396371
mcnp_sims/field/compute/input/2_52.txt,2_52,plane,3662.524887620508,-5049.702668396371
mcnp_sims/field/compute/input/2_53.txt,2_53,plane,9170.029312673818,-5049.702668396371
mcnp_sims/field/compute/input/2_54.txt,2_54,plane,14677.533737727186,-5049.702668396371
mcnp_sims/field/compute/input/2_55.txt,2_55,plane,13283.601839077404,-4372.597160081458
mcnp_sims/field/compute/input/2_56.txt,2_56,plane,7776.097414024094,-4372.597160081458
mcnp_sims/field/compute/input/2_57.txt,2_57,plane,2268.592988970726,-4372.597160081458
mcnp_sims/field/compute/input/2_58.txt,2_58,plane,-3238.9114360825843,-4372.597160081458
mcnp_sims/field/compute/input/2_59.txt,2_59,plane,-8746.415861135953,-4372.597160081458
mcnp_sims/field/compute/input/2_60.txt,2_60,plane,-14253.92028618932,-4372.597160081458
mcnp_sims/field/compute/input/2_61.txt,2_61,plane,-13392.285946952725,-3695.4916517665442
mcnp_sims/field/compute/input/2_62.txt,2_62,plane,-7884.781521899356,-3695.4916517665442
mcnp_sims/field/compute/input/2_63.txt,2_63,plane,-2377.2770968460463,-3695.4916517665442
mcnp_sims/field/compute/input/2_64.txt,2_64,plane,3130.227328207322,-3695.4916517665442
mcnp_sims/field/compute/input/2_65.txt,2_65,plane,8637.73175326069,-3695.4916517665442
mcnp_sims/field/compute/input/2_66.txt,2_66,plane,14145.236178314,-3695.4916517665442
mcnp_sims/field/compute/input/2_67.txt,2_67,plane,13815.89939849059,-3018.3861434516302
mcnp_sims/field/compute/input/2_68.txt,2_68,plane,8308.39497343728,-3018.3861434516302
mcnp_sims/field/compute/input/2_69.txt,2_69,plane,2800.8905483839117,-3018.3861434516302
mcnp_sims/field/compute/input/2_70.txt,2_70,plane,-2706.6138766694567,-3018.3861434516302
mcnp_sims/field/compute/input/2_71.txt,2_71,plane,-8214.118301722767,-3018.3861434516302
mcnp_sims/field/compute/input/2_72.txt,2_72,plane,-13721.622726776135,-3018.3861434516302
mcnp_sims/field/compute/input/2_73.txt,2_73,plane,-13924.58350636591,-2341.2806351367162
mcnp_sims/field/compute/input/2_74.txt,2_74,plane,-8417.079081312542,-2341.2806351367162
mcnp_sims/field/compute/input/2_75.txt,2_75,plane,-2909.574656259174,-2341.2806351367162
mcnp_sims/field/compute/input/2_76.txt,2_76,plane,2597.929768794136,-2341.2806351367162
mcnp_sims/field/compute/input/2_77.txt,2_77,plane,8105.4341938475045,-2341.2806351367162
mcnp_sims/field/compute/input/2_78.txt,2_78,plane,13612.938618900873,-2341.2806351367162
mcnp_sims/field/compute/input/2_79.txt,2_79,plane,14348.196957903776,-1664.1751268218031
mcnp_sims/field/compute/input/2_80.txt,2_80,plane,8840.692532850408,-1664.1751268218031
mcnp_sims/field/compute/input/2_81.txt,2_81,plane,3333.1881077970975,-1664.1751268218031
mcnp_sims/field/compute/input/2_82.txt,2_82,plane,-2174.316317256271,-1664.1751268218031
mcnp_sims/field/compute/input/2_83.txt,2_83,plane,-7681.820742309639,-1664.1751268218031
mcnp_sims/field/compute/input/2_84.txt,2_84,plane,-13189.32516736295,-1664.1751268218031
mcnp_sims/field/compute/input/2_85.txt,2_85,plane,-14456.881065779038,-987.06961850689
mcnp_sims/field/compute/input/2_86.txt,2_86,plane,-8949.376640725728,-987.06961850689
mcnp_sims/field/compute/input/2_87.txt,2_87,plane,-3441.8722156723597,-987.06961850689
mcnp_sims/field/compute/input/2_88.txt,2_88,plane,2065.6322093810086,-987.06961850689
mcnp_sims/field/compute/input/2_89.txt,2_89,plane,7573.136634434319,-987.06961850689
mcnp_sims/field/compute/input/2_90.txt,2_90,plane,13080.641059487687,-987.06961850689
mcnp_sims/field/compute/input/2_91.txt,2_91,plane,14880.494517316962,-309.96411019197694
mcnp_sims/field/compute/input/2_92.txt,2_92,plane,9372.990092263593,-309.96411019197694
mcnp_sims/field/compute/input/2_93.txt,2_93,plane,3865.485667210225,-309.96411019197694
mcnp_sims/field/compute/input/2_94.txt,2_94,plane,-1642.018757843085,-309.96411019197694
mcnp_sims/field/compute/input/2_95.txt,2_95,plane,-7149.523182896453,-309.96411019197694
mcnp_sims/field/compute/input/2_96.txt,2_96,plane,-12657.027607949763,-309.96411019197694
mcnp_sims/field/compute/input/2_97.txt,2_97,plane,-14989.178625192224,367.14139812293797
mcnp_sims/field/compute/input/2_98.txt,2_98,plane,-9481.674200138856,367.14139812293797
mcnp_sims/field/compute/input/2_99.txt,2_99,plane,-3974.1697750854873,367.14139812293797
mcnp_sims/field/compute/input/2_100.txt,2_100,plane,1533.3346499677646,367.14139812293797
mcnp_sims/field/compute/input/2_101.txt,2_101,plane,7040.839075021133,367.14139812293797
mcnp_sims/field/compute/input/2_102.txt,2_102,plane,12548.343500074501,367.14139812293797
mcnp_sims/field/compute/input/2_103.txt,2_103,plane,15412.79207673009,1044.246906437851
mcnp_sims/field/compute/input/2_104.txt,2_104,plane,9905.287651676721,1044.246906437851
mcnp_sims/field/compute/input/2_105.txt,2_105,plane,4397.783226623469,1044.246906437851
mcnp_sims/field/compute/input/2_106.txt,2_106,plane,-1109.7211984298992,1044.246906437851
mcnp_sims/field/compute/input/2_107.txt,2_107,plane,-6617.225623483268,1044.246906437851
mcnp_sims/field/compute/input/2_108.txt,2_108,plane,-12124.730048536636,1044.246906437851
mcnp_sims/field/compute/input/2_109.txt,2_109,plane,-15521.476184605352,1721.3524147527642
mcnp_sims/field/compute/input/2_110.txt,2_110,plane,-10013.971759551983,1721.3524147527642
mcnp_sims/field/compute/input/2_111.txt,2_111,plane,-4506.467334498731,1721.3524147527642
mcnp_sims/field/compute/input/2_112.txt,2_112,plane,1001.037090554637,1721.3524147527642
mcnp_sims/field/compute/input/2_113.txt,2_113,plane,6508.541515608005,1721.3524147527642
mcnp_sims/field/compute/input/2_114.txt,2_114,plane,12016.045940661374,1721.3524147527642
mcnp_sims/field/compute/input/2_115.txt,2_115,plane,15945.089636143217,2398.457923067679
mcnp_sims/field/compute/input/2_116.txt,2_116,plane,10437.585211089965,2398.457923067679
mcnp_sims/field/compute/input/2_117.txt,2_117,plane,4930.080786036597,2398.457923067679
mcnp_sims/field/compute/input/2_118.txt,2_118,plane,-577.4236390167716,2398.457923067679
mcnp_sims/field/compute/input/2_119.txt,2_119,plane,-6084.92806407014,2398.457923067679
mcnp_sims/field/compute/input/2_120.txt,2_120,plane,-11592.432489123508,2398.457923067679
mcnp_sims/field/compute/input/2_121.txt,2_121,plane,-15923.65571984005,3075.563431382592
mcnp_sims/field/compute/input/2_122.txt,2_122,plane,-10416.151294786681,3075.563431382592
mcnp_sims/field/compute/input/2_123.txt,2_123,plane,-4908.646869733313,3075.563431382592
mcnp_sims/field/compute/input/2_124.txt,2_124,plane,598.8575553200553,3075.563431382592
mcnp_sims/field/compute/input/2_125.txt,2_125,plane,6106.361980373424,3075.563431382592
mcnp_sims/field/compute/input/2_126.txt,2_126,plane,11613.866405426676,3075.563431382592
mcnp_sims/field/compute/input/2_127.txt,2_127,plane,16347.269171377913,3752.6689396975053
mcnp_sims/field/compute/input/2_128.txt,2_128,plane,10839.764746324548,3752.6689396975053
mcnp_sims/field/compute/input/2_129.txt,2_129,plane,5332.260321271186,3752.6689396975053
mcnp_sims/field/compute/input/2_130.txt,2_130,plane,-175.24410378217726,3752.6689396975053
mcnp_sims/field/compute/input/2_131.txt,2_131,plane,-5682.7485288354255,3752.6689396975053
mcnp_sims/field/compute/input/2_132.txt,2_132,plane,-11190.252953888787,3752.6689396975053
mcnp_sims/field/compute/input/2_133.txt,2_133,plane,-13043.632250958952,4429.77444801242
mcnp_sims/field/compute/input/2_134.txt,2_134,plane,-7536.1278259055725,4429.77444801242
mcnp_sims/field/compute/input/2_135.txt,2_135,plane,-2028.6234008521951,4429.77444801242
mcnp_sims/field/compute/input/2_136.txt,2_136,plane,3478.881024201066,4429.77444801242
mcnp_sims/field/compute/input/2_137.txt,2_137,plane,8986.385449254445,4429.77444801242
mcnp_sims/field/compute/input/2_138.txt,2_138,plane,14493.889874307824,4429.77444801242
mcnp_sims/field/compute/input/2_139.txt,2_139,plane,13467.245702496764,5106.879956327333
mcnp_sims/field/compute/input/2_140.txt,2_140,plane,7959.741277443392,5106.879956327333
mcnp_sims/field/compute/input/2_141.txt,2_141,plane,2452.236852390137,5106.879956327333
mcnp_sims/field/compute/input/2_142.txt,2_142,plane,-3055.267572663237,5106.879956327333
mcnp_sims/field/compute/input/2_143.txt,2_143,plane,-8562.771997716609,5106.879956327333
mcnp_sims/field/compute/input/2_144.txt,2_144,plane,-10452.57155979687,5783.985464642248
mcnp_sims/field/compute/input/2_145.txt,2_145,plane,-4945.067134743505,5783.985464642248
mcnp_sims/field/compute/input/2_146.txt,2_146,plane,562.4372903097428,5783.985464642248
mcnp_sims/field/compute/input/2_147.txt,2_147,plane,6069.9417153631075,5783.985464642248
mcnp_sims/field/compute/input/2_148.txt,2_148,plane,11577.446140416472,5783.985464642248
mcnp_sims/field/compute/input/2_149.txt,2_149,plane,16383.689436388122,6461.0909729571595
mcnp_sims/field/compute/input/2_150.txt,2_150,plane,10876.185011334765,6461.0909729571595
mcnp_sims/field/compute/input/2_151.txt,2_151,plane,5368.680586281405,6461.0909729571595
mcnp_sims/field/compute/input/2_152.txt,2_152,plane,-138.82383877183747,6461.0909729571595
mcnp_sims/field/compute/input/2_153.txt,2_153,plane,-5646.328263825195,6461.0909729571595
mcnp_sims/field/compute/input/2_154.txt,2_154,plane,-8150.473646354043,7138.196481272074
mcnp_sims/field/compute/input/2_155.txt,2_155,plane,-2642.9692213006674,7138.196481272074
mcnp_sims/field/compute/input/2_156.txt,2_156,plane,2864.535203752708,7138.196481272074
mcnp_sims/field/compute/input/2_157.txt,2_157,plane,8372.039628805967,7138.196481272074
mcnp_sims/field/compute/input/2_158.txt,2_158,plane,13879.544053859343,7138.196481272074
mcnp_sims/field/compute/input/2_159.txt,2_159,plane,14081.591522945244,7815.301989586989
mcnp_sims/field/compute/input/2_160.txt,2_160,plane,8574.087097891876,7815.301989586989
mcnp_sims/field/compute/input/2_161.txt,2_161,plane,3066.5826728385073,7815.301989586989
mcnp_sims/field/compute/input/2_162.txt,2_162,plane,-2440.9217522147446,7815.301989586989
mcnp_sims/field/compute/input/2_163.txt,2_163,plane,-6083.184225701303,8270.504318287456
mcnp_sims/field/compute/input/2_164.txt,2_164,plane,-629.8340855768738,8492.4074979019
mcnp_sims/field/compute/input/2_165.txt,2_165,plane,4877.670339476486,8492.4074979019
mcnp_sims/field/compute/input/2_166.txt,2_166,plane,10385.174764529847,8492.4074979019
mcnp_sims/field/compute/input/2_167.txt,2_167,plane,15892.679189583092,8492.4074979019
mcnp_sims/field/compute/input/2_168.txt,2_168,plane,12068.45638722149,9169.513006216815
mcnp_sims/field/compute/input/2_169.txt,2_169,plane,6560.951962168108,9169.513006216815
mcnp_sims/field/compute/input/2_170.txt,2_170,plane,1053.4475371147255,9169.513006216815
mcnp_sims/field/compute/input/2_171.txt,2_171,plane,-4259.509014504711,9216.991374884465
mcnp_sims/field/compute/input/2_172.txt,2_172,plane,1094.3382724278117,9846.618514531727
mcnp_sims/field/compute/input/2_173.txt,2_173,plane,6601.842697481186,9846.618514531727
mcnp_sims/field/compute/input/2_174.txt,2_174,plane,12109.34712253456,9846.618514531727
mcnp_sims/field/compute/input/2_175.txt,2_175,plane,15851.788454270027,10523.724022846642
mcnp_sims/field/compute/input/2_176.txt,2_176,plane,10344.284029216662,10523.724022846642
mcnp_sims/field/compute/input/2_177.txt,2_177,plane,4836.779604163416,10523.724022846642
mcnp_sims/field/compute/input/2_178.txt,2_178,plane,-670.7248208899473,10523.724022846642
mcnp_sims/field/compute/input/2_179.txt,2_179,plane,2529.54785271346,11200.829531161557
mcnp_sims/field/compute/input/2_180.txt,2_180,plane,8037.052277766812,11200.829531161557
mcnp_sims/field/compute/input/2_181.txt,2_181,plane,13544.556702820164,11200.829531161557
mcnp_sims/field/compute/input/2_182.txt,2_182,plane,14416.578873984548,11877.935039476472
mcnp_sims/field/compute/input/2_183.txt,2_183,plane,8909.07444893117,11877.935039476472
mcnp_sims/field/compute/input/2_184.txt,2_184,plane,3401.5700238777918,11877.935039476472
mcnp_sims/field/compute/input/2_185.txt,2_185,plane,3675.7946552799913,12555.040547791383
mcnp_sims/field/compute/input/2_186.txt,2_186,plane,9183.29908033336,12555.040547791383
mcnp_sims/field/compute/input/2_187.txt,2_187,plane,14690.803505386612,12555.040547791383
mcnp_sims/field/compute/input/2_188.txt,2_188,plane,13270.332071417986,13232.146056106294
mcnp_sims/field/compute/input/2_189.txt,2_189,plane,7762.827646364631,13232.146056106294
mcnp_sims/field/compute/input/2_190.txt,2_190,plane,4561.001546397312,13794.834527664492
mcnp_sims/field/compute/input/2_191.txt,2_191,plane,10040.58310518077,13909.251564421209
mcnp_sims/field/compute/input/2_192.txt,2_192,plane,15548.087530234046,13909.251564421209
mcnp_sims/field/compute/input/2_193.txt,2_193,plane,12413.048046570462,14586.357072736124
mcnp_sims/field/compute/input/2_194.txt,2_194,plane,6905.543621517263,14586.357072736124
mcnp_sims/field/compute/input/2_195.txt,2_195,plane,10608.90435230888,15263.462581051039
mcnp_sims/field/compute/input/2_196.txt,2_196,plane,16116.408777362354,15263.462581051039
mcnp_sims/field/compute/input/2_197.txt,2_197,plane,11844.726799442316,15940.568089365954
mcnp_sims/field/compute/input/2_198.txt,2_198,plane,10888.262821718341,16617.673597680863
mcnp_sims/field/compute/input/2_199.txt,2_199,plane,16395.767246771524,16617.673597680863
mcnp_sims/field/compute/input/3_0.txt,3_0,quad,-16238.302574940222,-10466.54673491568
mcnp_sims/field/compute/input/3_1.txt,3_1,quad,-10730.798149886876,-10466.54673491568
mcnp_sims/field/compute/input/3_2.txt,3_2,quad,-5223.293724833531,-10466.54673491568
mcnp_sims/field/compute/input/3_3.txt,3_3,quad,284.2107002198136,-10466.54673491568
mcnp_sims/field/compute/input/3_4.txt,3_4,quad,5791.71512527316,-10466.54673491568
mcnp_sims/field/compute/input/3_5.txt,3_5,quad,11299.219550326507,-10466.54673491568
mcnp_sims/field/compute/input/3_6.txt,3_6,quad,16395.767246771524,-10055.590006307353
mcnp_sims/field/compute/input/3_7.txt,3_7,quad,11154.411601424763,-9789.441226600768
mcnp_sims/field/compute/input/3_8.txt,3_8,quad,5646.907176371416,-9789.441226600768
mcnp_sims/field/compute/input/3_9.txt,3_9,quad,139.40275131806993,-9789.441226600768
mcnp_sims/field/compute/input/3_10.txt,3_10,quad,-5368.101673735277,-9789.441226600768
mcnp_sims/field/compute/input/3_11.txt,3_11,quad,-10875.606098788623,-9789.441226600768
mcnp_sims/field/compute/input/3_12.txt,3_12,quad,-16238.302574940222,-9644.633277699028
mcnp_sims/field/compute/input/3_13.txt,3_13,quad,-11263.09570930004,-9112.335718285853
mcnp_sims/field/compute/input/3_14.txt,3_14,quad,-5755.5912842467005,-9112.335718285853
mcnp_sims/field/compute/input/3_15.txt,3_15,quad,-248.08685919334675,-9112.335718285853
mcnp_sims/field/compute/input/3_16.txt,3_16,quad,5259.4175658599925,-9112.335718285853
mcnp_sims/field/compute/input/3_17.txt,3_17,quad,10766.921990913332,-9112.335718285853
mcnp_sims/field/compute/input/3_18.txt,3_18,quad,16274.426415966685,-9112.335718285853
mcnp_sims/field/compute/input/3_19.txt,3_19,quad,11686.709160837934,-8435.23020997094
mcnp_sims/field/compute/input/3_20.txt,3_20,quad,6179.20473578458,-8435.23020997094
mcnp_sims/field/compute/input/3_21.txt,3_21,quad,671.7003107312412,-8435.23020997094
mcnp_sims/field/compute/input/3_22.txt,3_22,quad,-4835.804114322113,-8435.23020997094
mcnp_sims/field/compute/input/3_23.txt,3_23,quad,-10343.308539375452,-8435.23020997094
mcnp_sims/field/compute/input/3_24.txt,3_24,quad,-15850.812964428791,-8435.23020997094
mcnp_sims/field/compute/input/3_25.txt,3_25,quad,-11795.393268713226,-7758.124701656026
mcnp_sims/field/compute/input/3_26.txt,3_26,quad,-6287.888843659857,-7758.124701656026
mcnp_sims/field/compute/input/3_27.txt,3_27,quad,-780.384418606518,-7758.124701656026
mcnp_sims/field/compute/input/3_28.txt,3_28,quad,4727.120006446821,-7758.124701656026
mcnp_sims/field/compute/input/3_29.txt,3_29,quad,10234.62443150016,-7758.124701656026
mcnp_sims/field/compute/input/3_30.txt,3_30,quad,15742.128856553529,-7758.124701656026
mcnp_sims/field/compute/input/3_31.txt,3_31,quad,12219.00672025109,-7081.019193341112
mcnp_sims/field/compute/input/3_32.txt,3_32,quad,6711.502295197752,-7081.019193341112
mcnp_sims/field/compute/input/3_33.txt,3_33,quad,1203.9978701444124,-7081.019193341112
mcnp_sims/field/compute/input/3_34.txt,3_34,quad,-4303.506554908927,-7081.019193341112
mcnp_sims/field/compute/input/3_35.txt,3_35,quad,-9811.010979962295,-7081.019193341112
mcnp_sims/field/compute/input/3_36.txt,3_36,quad,-15318.515405015634,-7081.019193341112
mcnp_sims/field/compute/input/3_37.txt,3_37,quad,-12327.690828126382,-6403.913685026198
mcnp_sims/field/compute/input/3_38.txt,3_38,quad,-6820.186403073043,-6403.913685026198
mcnp_sims/field/compute/input/3_39.txt,3_39,quad,-1312.6819780196747,-6403.913685026198
mcnp_sims/field/compute/input/3_40.txt,3_40,quad,4194.8224470336645,-6403.913685026198
mcnp_sims/field/compute/input/3_41.txt,3_41,quad,9702.326872087004,-6403.913685026198
mcnp_sims/field/compute/input/3_42.txt,3_42,quad,15209.831297140343,-6403.913685026198
mcnp_sims/field/compute/input/3_43.txt,3_43,quad,12751.304279664277,-5726.808176711285
mcnp_sims/field/compute/input/3_44.txt,3_44,quad,7243.799854610908,-5726.808176711285
mcnp_sims/field/compute/input/3_45.txt,3_45,quad,1736.2954295575692,-5726.808176711285
mcnp_sims/field/compute/input/3_46.txt,3_46,quad,-3771.20899549577,-5726.808176711285
mcnp_sims/field/compute/input/3_47.txt,3_47,quad,-9278.71342054911,-5726.808176711285
mcnp_sims/field/compute/input/3_48.txt,3_48,quad,-14786.217845602449,-5726.808176711285
mcnp_sims/field/compute/input/3_49.txt,3_49,quad,-12859.988387539539,-5049.702668396371
mcnp_sims/field/compute/input/3_50.txt,3_50,quad,-7352.483962486229,-5049.702668396371
mcnp_sims/field/compute/input/3_51.txt,3_51,quad,-1844.9795374328605,-5049.702668396371
mcnp_sims/field/compute/input/3_52.txt,3_52,quad,3662.524887620508,-5049.702668396371
mcnp_sims/field/compute/input/3_53.txt,3_53,quad,9170.029312673818,-5049.702668396371
mcnp_sims/field/compute/input/3_54.txt,3_54,quad,14677.533737727186,-5049.702668396371
mcnp_sims/field/compute/input/3_55.txt,3_55,quad,13283.601839077404,-4372.597160081458
mcnp_sims/field/compute/input/3_56.txt,3_56,quad,7776.097414024094,-4372.597160081458
mcnp_sims/field/compute/input/3_57.txt,3_57,quad,2268.592988970726,-4372.597160081458
mcnp_sims/field/compute/input/3_58.txt,3_58,quad,-3238.9114360825843,-4372.597160081458
mcnp_sims/field/compute/input/3_59.txt,3_59,quad,-8746.415861135953,-4372.597160081458
mcnp_sims/field/compute/input/3_60.txt,3_60,quad,-14253.92028618932,-4372.597160081458
mcnp_sims/field/compute/input/3_61.txt,3_61,quad,-13392.285946952725,-3695.4916517665442
mcnp_sims/field/compute/input/3_62.txt,3_62,quad,-7884.781521899356,-3695.4916517665442
mcnp_sims/field/compute/input/3_63.txt,3_63,quad,-2377.2770968460463,-3695.4916517665442
mcnp_sims/field/compute/input/3_64.txt,3_64,quad,3130.227328207322,-3695.4916517665442
mcnp_sims/field/compute/input/3_65.txt,3_65,quad,8637.73175326069,-3695.4916517665442
mcnp_sims/field/compute/input/3_66.txt,3_66,quad,14145.236178314,-3695.4916517665442
mcnp_sims/field/compute/input/3_67.txt,3_67,quad,13815.89939849059,-3018.3861434516302
mcnp_sims/field/compute/input/3_68.txt,3_68,quad,8308.39497343728,-3018.3861434516302
mcnp_sims/field/compute/input/3_69.txt,3_69,quad,2800.8905483839117,-3018.3861434516302
mcnp_sims/field/compute/input/3_70.txt,3_70,quad,-2706.6138766694567,-3018.3861434516302
mcnp_sims/field/compute/input/3_71.txt,3_71,quad,-8214.118301722767,-3018.3861434516302
mcnp_sims/field/compute/input/3_72.txt,3_72,quad,-13721.622726776135,-3018.3861434516302
mcnp_sims/field/compute/input/3_73.txt,3_73,quad,-13924.58350636591,-2341.2806351367162
mcnp_sims/field/compute/input/3_74.txt,3_74,quad,-8417.079081312542,-2341.2806351367162
mcnp_sims/field/compute/input/3_75.txt,3_75,quad,-2909.574656259174,-2341.2806351367162
mcnp_sims/field/compute/input/3_76.txt,3_76,quad,2597.929768794136,-2341.2806351367162
mcnp_sims/field/compute/input/3_77.txt,3_77,quad,8105.4341938475045,-2341.2806351367162
mcnp_sims/field/compute/input/3_78.txt,3_78,quad,13612.938618900873,-2341.2806351367162
mcnp_sims/field/compute/input/3_79.txt,3_79,quad,14348.196957903776,-1664.1751268218031
mcnp_sims/field/compute/input/3_80.txt,3_80,quad,8840.692532850408,-1664.1751268218031
mcnp_sims/field/compute/input/3_81.txt,3_81,quad,3333.1881077970975,-1664.1751268218031
mcnp_sims/field/compute/input/3_82.txt,3_82,quad,-2174.316317256271,-1664.1751268218031
mcnp_sims/field/compute/input/3_83.txt,3_83,quad,-7681.820742309639,-1664.1751268218031
mcnp_sims/field/compute/input/3_84.txt,3_84,quad,-13189.32516736295,-1664.1751268218031
mcnp_sims/field/compute/input/3_85.txt,3_85,quad,-14456.881065779038,-987.06961850689
mcnp_sims/field/compute/input/3_86.txt,3_86,quad,-8949.376640725728,-987.06961850689
mcnp_sims/field/compute/input/3_87.txt,3_87,quad,-3441.8722156723597,-987.06961850689
mcnp_sims/field/compute/input/3_88.txt,3_88,quad,2065.6322093810086,-987.06961850689
mcnp_sims/field/compute/input/3_89.txt,3_89,quad,7573.136634434319,-987.06961850689
mcnp_sims/field/compute/input/3_90.txt,3_90,quad,13080.641059487687,-987.06961850689
mcnp_sims/field/compute/input/3_91.txt,3_91,quad,14880.494517316962,-309.96411019197694
mcnp_sims/field/compute/input/3_92.txt,3_92,quad,9372.990092263593,-309.96411019197694
mcnp_sims/field/compute/input/3_93.txt,3_93,quad,3865.485667210225,-309.96411019197694
mcnp_sims/field/compute/input/3_94.txt,3_94,quad,-1642.018757843085,-309.96411019197694
mcnp_sims/field/compute/input/3_95.txt,3_95,quad,-7149.523182896453,-309.96411019197694
mcnp_sims/field/compute/input/3_96.txt,3_96,quad,-12657.027607949763,-309.96411019197694
mcnp_sims/field/compute/input/3_97.txt,3_97,quad,-14989.178625192224,367.14139812293797
mcnp_sims/field/compute/input/3_98.txt,3_98,quad,-9481.674200138856,367.14139812293797
mcnp_sims/field/compute/input/3_99.txt,3_99,quad,-3974.1697750854873,367.14139812293797
mcnp_sims/field/compute/input/3_100.txt,3_100,quad,1533.3346499677646,367.14139812293797
mcnp_sims/field/compute/input/3_101.txt,3_101,quad,7040.839075021133,367.14139812293797
mcnp_sims/field/compute/input/3_102.txt,3_102,quad,12548.343500074501,367.14139812293797
mcnp_sims/field/compute/input/3_103.txt,3_103,quad,15412.79207673009,1044.246906437851
mcnp_sims/field/compute/input/3_104.txt,3_104,quad,9905.287651676721,1044.246906437851
mcnp_sims/field/compute/input/3_105.txt,3_105,quad,4397.783226623469,1044.246906437851
mcnp_sims/field/compute/input/3_106.txt,3_106,quad,-1109.7211984298992,1044.246906437851
mcnp_sims/field/compute/input/3_107.txt,3_107,quad,-6617.225623483268,1044.246906437851
mcnp_sims/field/compute/input/3_108.txt,3_108,quad,-12124.730048536636,1044.246906437851
mcnp_sims/field/compute/input/3_109.txt,3_109,quad,-15521.476184605352,1721.3524147527642
mcnp_sims/field/compute/input/3_110.txt,3_110,quad,-10013.971759551983,1721.3524147527642
mcnp_sims/field/compute/input/3_111.txt,3_111,quad,-4506.467334498731,1721.3524147527642
mcnp_sims/field/compute/input/3_112.txt,3_112,quad,1001.037090554637,1721.3524147527642
mcnp_sims/field/compute/input/3_113.txt,3_113,quad,6508.541515608005,1721.3524147527642
mcnp_sims/field/compute/input/3_114.txt,3_114,quad,12016.045940661374,1721.3524147527642
mcnp_sims/field/compute/input/3_115.txt,3_115,quad,15945.089636143217,2398.457923067679
mcnp_sims/field/compute/input/3_116.txt,3_116,quad,10437.585211089965,2398.457923067679
mcnp_sims/field/compute/input/3_117.txt,3_117,quad,4930.080786036597,2398.457923067679
mcnp_sims/field/compute/input/3_118.txt,3_118,quad,-577.4236390167716,2398.457923067679
mcnp_sims/field/compute/input/3_119.txt,3_119,quad,-6084.92806407014,2398.457923067679
mcnp_sims/field/compute/input/3_120.txt,3_120,quad,-11592.432489123508,2398.457923067679
mcnp_sims/field/compute/input/3_121.txt,3_121,quad,-15923.65571984005,3075.563431382592
mcnp_sims/field/compute/input/3_122.txt,3_122,quad,-10416.151294786681,3075.563431382592
mcnp_sims/field/compute/input/3_123.txt,3_123,quad,-4908.646869733313,3075.563431382592
mcnp_sims/field/compute/input/3_124.txt,3_124,quad,598.8575553200553,3075.563431382592
mcnp_sims/field/compute/input/3_125.txt,3_125,quad,6106.361980373424,3075.563431382592
mcnp_sims/field/compute/input/3_126.txt,3_126,quad,11613.866405426676,3075.563431382592
mcnp_sims/field/compute/input/3_127.txt,3_127,quad,16347.269171377913,3752.6689396975053
mcnp_sims/field/compute/input/3_128.txt,3_128,quad,10839.764746324548,3752.6689396975053
mcnp_sims/field/compute/input/3_129.txt,3_129,quad,5332.260321271186,3752.6689396975053
mcnp_sims/field/compute/input/3_130.txt,3_130,quad,-175.24410378217726,3752.6689396975053
mcnp_sims/field/compute/input/3_131.txt,3_131,quad,-5682.7485288354255,3752.6689396975053
mcnp_sims/field/compute/input/3_132.txt,3_132,quad,-11190.252953888787,3752.6689396975053
mcnp_sims/field/compute/input/3_133.txt,3_133,quad,-13043.632250958952,4429.77444801242
mcnp_sims/field/compute/input/3_134.txt,3_134,quad,-7536.1278259055725,4429.77444801242
mcnp_sims/field/compute/input/3_135.txt,3_135,quad,-2028.6234008521951,4429.77444801242
mcnp_sims/field/compute/input/3_136.txt,3_136,quad,3478.881024201066,4429.77444801242
mcnp_sims/field/compute/input/3_137.txt,3_137,quad,8986.385449254445,4429.77444801242
mcnp_sims/field/compute/input/3_138.txt,3_138,quad,14493.889874307824,4429.77444801242
mcnp_sims/field/compute/input/3_139.txt,3_139,quad,13467.245702496764,5106.879956327333
mcnp_sims/field/compute/input/3_140.txt,3_140,quad,7959.741277443392,5106.879956327333
mcnp_sims/field/compute/input/3_141.txt,3_141,quad,2452.236852390137,5106.879956327333
mcnp_sims/field/compute/input/3_142.txt,3_142,quad,-3055.267572663237,5106.879956327333
mcnp_sims/field/compute/input/3_143.txt,3_143,quad,-8562.771997716609,5106.879956327333
mcnp_sims/field/compute/input/3_144.txt,3_144,quad,-10452.57155979687,5783.985464642248
mcnp_sims/field/compute/input/3_145.txt,3_145,quad,-4945.067134743505,5783.985464642248
mcnp_sims/field/compute/input/3_146.txt,3_146,quad,562.4372903097428,5783.985464642248
mcnp_sims/field/compute/input/3_147.txt,3_147,quad,6069.9417153631075,5783.985464642248
mcnp_sims/field/compute/input/3_148.txt,3_148,quad,11577.446140416472,5783.985464642248
mcnp_sims/field/compute/input/3_149.txt,3_149,quad,16383.689436388122,6461.0909729571595
mcnp_sims/field/compute/input/3_150.txt,3_150,quad,10876.185011334765,6461.0909729571595
mcnp_sims/field/compute/input/3_151.txt,3_151,quad,5368.680586281405,6461.0909729571595
mcnp_sims/field/compute/input/3_152.txt,3_152,quad,-138.82383877183747,6461.0909729571595
mcnp_sims/field/compute/input/3_153.txt,3_153,quad,-5646.328263825195,6461.0909729571595
mcnp_sims/field/compute/input/3_154.txt,3_154,quad,-8150.473646354043,7138.196481272074
mcnp_sims/field/compute/input/3_155.txt,3_155,quad,-2642.9692213006674,7138.196481272074
mcnp_sims/field/compute/input/3_156.txt,3_156,quad,2864.535203752708,7138.196481272074
mcnp_sims/field/compute/input/3_157.txt,3_157,quad,8372.039628805967,7138.196481272074
mcnp_sims/field/compute/input/3_158.txt,3_158,quad,13879.544053859343,7138.196481272074
mcnp_sims/field/compute/input/3_159.txt,3_159,quad,14081.591522945244,7815.301989586989
mcnp_sims/field/compute/input/3_160.txt,3_160,quad,8574.087097891876,7815.301989586989
mcnp_sims/field/compute/input/3_161.txt,3_161,quad,3066.5826728385073,7815.301989586989
mcnp_sims/field/compute/input/3_162.txt,3_162,quad,-2440.9217522147446,7815.301989586989
mcnp_sims/field/compute/input/3_163.txt,3_163,quad,-6083.184225701303,8270.504318287456
mcnp_sims/field/compute/input/3_164.txt,3_164,quad,-629.8340855768738,8492.4074979019
mcnp_sims/field/compute/input/3_165.txt,3_165,quad,4877.670339476486,8492.4074979019
mcnp_sims/field/compute/input/3_166.txt,3_166,quad,10385.174764529847,8492.4074979019
mcnp_sims/field/compute/input/3_167.txt,3_167,quad,15892.679189583092,8492.4074979019
mcnp_sims/field/compute/input/3_168.txt,3_168,quad,12068.45638722149,9169.513006216815
mcnp_sims/field/compute/input/3_169.txt,3_169,quad,6560.951962168108,9169.513006216815
mcnp_sims/field/compute/input/3_170.txt,3_170,quad,1053.4475371147255,9169.513006216815
mcnp_sims/field/compute/input/3_171.txt,3_171,quad,-4259.509014504711,9216.991374884465
mcnp_sims/field/compute/input/3_172.txt,3_172,quad,1094.3382724278117,9846.618514531727
mcnp_sims/field/compute/input/3_173.txt,3_173,quad,6601.842697481186,9846.618514531727
mcnp_sims/field/compute/input/3_174.txt,3_174,quad,12109.34712253456,9846.618514531727
mcnp_sims/field/compute/input/3_175.txt,3_175,quad,15851.788454270027,10523.724022846642
mcnp_sims/field/compute/input/3_176.txt,3_176,quad,10344.284029216662,10523.724022846642
mcnp_sims/field/compute/input/3_177.txt,3_177,quad,4836.779604163416,10523.724022846642
mcnp_sims/field/compute/input/3_178.txt,3_178,quad,-670.7248208899473,10523.724022846642
mcnp_sims/field/compute/input/3_179.txt,3_179,quad,2529.54785271346,11200.829531161557
mcnp_sims/field/compute/input/3_180.txt,3_180,quad,8037.052277766812,11200.829531161557
mcnp_sims/field/compute/input/3_181.txt,3_181,quad,13544.556702820164,11200.829531161557
mcnp_sims/field/compute/input/3_182.txt,3_182,quad,14416.578873984548,11877.935039476472
mcnp_sims/field/compute/input/3_183.txt,3_183,quad,8909.07444893117,11877.935039476472
mcnp_sims/field/compute/input/3_184.txt,3_184,quad,3401.5700238777918,11877.935039476472
mcnp_sims/field/compute/input/3_185.txt,3_185,quad,3675.7946552799913,12555.040547791383
mcnp_sims/field/compute/input/3_186.txt,3_186,quad,9183.29908033336,12555.040547791383
mcnp_sims/field/compute/input/3_187.txt,3_187,quad,14690.803505386612,12555.040547791383
mcnp_sims/field/compute/input/3_188.txt,3_188,quad,13270.332071417986,13232.146056106294
mcnp_sims/field/compute/input/3_189.txt,3_189,quad,7762.827646364631,13232.146056106294
mcnp_sims/field/compute/input/3_190.txt,3_190,quad,4561.001546397312,13794.834527664492
mcnp_sims/field/compute/input/3_191.txt,3_191,quad,10040.58310518077,13909.251564421209
mcnp_sims/field/compute/input/3_192.txt,3_192,quad,15548.087530234046,13909.251564421209
mcnp_sims/field/compute/input/3_193.txt,3_193,quad,12413.048046570462,14586.357072736124
mcnp_sims/field/compute/input/3_194.txt,3_194,quad,6905.543621517263,14586.357072736124
mcnp_sims/field/compute/input/3_195.txt,3_195,quad,10608.90435230888,15263.462581051039
mcnp_sims/field/compute/input/3_196.txt,3_196,quad,16116.408777362354,15263.462581051039
mcnp_sims/field/compute/input/3_197.txt,3_197,quad,11844.726799442316,15940.568089365954
mcnp_sims/field/compute/input/3_198.txt,3_198,quad,10888.262821718341,16617.673597680863
mcnp_sims/field/compute/input/3_199.txt,3_199,quad,16395.767246771524,16617.673597680863
mcnp_sims/field/compute/input/4_0.txt,4_0,quad_plane,-16238.302574940222,-10466.54673491568
mcnp_sims/field/compute/input/4_1.txt,4_1,quad_plane,-10730.798149886876,-10466.54673491568
mcnp_sims/field/compute/input/4_2.txt,4_2,quad_plane,-5223.293724833531,-10466.54673491568
mcnp_sims/field/compute/input/4_3.txt,4_3,quad_plane,284.2107002198136,-10466.54673491568
mcnp_sims/field/compute/input/4_4.txt,4_4,quad_plane,5791.71512527316,-10466.54673491568
mcnp_sims/field/compute/input/4_5.txt,4_5,quad_plane,11299.219550326507,-10466.54673491568
mcnp_sims/field/compute/input/4_6.txt,4_6,quad_plane,16395.767246771524,-10055.590006307353
mcnp_sims/field/compute/input/4_7.txt,4_7,quad_plane,11154.411601424763,-9789.441226600768
mcnp_sims/field/compute/input/4_8.txt,4_8,quad_plane,5646.907176371416,-9789.441226600768
mcnp_sims/field/compute/input/4_9.txt,4_9,quad_plane,139.40275131806993,-9789.441226600768
mcnp_sims/field/compute/input/4_10.txt,4_10,quad_plane,-5368.101673735277,-9789.441226600768
mcnp_sims/field/compute/input/4_11.txt,4_11,quad_plane,-10875.606098788623,-9789.441226600768
mcnp_sims/field/compute/input/4_12.txt,4_12,quad_plane,-16238.302574940222,-9644.633277699028
mcnp_sims/field/compute/input/4_13.txt,4_13,quad_plane,-11263.09570930004,-9112.335718285853
mcnp_sims/field/compute/input/4_14.txt,4_14,quad_plane,-5755.5912842467005,-9112.335718285853
mcnp_sims/field/compute/input/4_15.txt,4_15,quad_plane,-248.08685919334675,-9112.335718285853
mcnp_sims/field/compute/input/4_16.txt,4_16,quad_plane,5259.4175658599925,-9112.335718285853
mcnp_sims/field/compute/input/4_17.txt,4_17,quad_plane,10766.921990913332,-9112.335718285853
mcnp_sims/field/compute/input/4_18.txt,4_18,quad_plane,16274.426415966685,-9112.335718285853
mcnp_sims/field/compute/input/4_19.txt,4_19,quad_plane,11686.709160837934,-8435.23020997094
mcnp_sims/field/compute/input/4_20.txt,4_20,quad_plane,6179.20473578458,-8435.23020997094
mcnp_sims/field/compute/input/4_21.txt,4_21,quad_plane,671.7003107312412,-8435.23020997094
mcnp_sims/field/compute/input/4_22.txt,4_22,quad_plane,-4835.804114322113,-8435.23020997094
mcnp_sims/field/compute/input/4_23.txt,4_23,quad_plane,-10343.308539375452,-8435.23020997094
mcnp_sims/field/compute/input/4_24.txt,4_24,quad_plane,-15850.812964428791,-8435.23020997094
mcnp_sims/field/compute/input/4_25.txt,4_25,quad_plane,-11795.393268713226,-7758.124701656026
mcnp_sims/field/compute/input/4_26.txt,4_26,quad_plane,-6287.888843659857,-7758.124701656026
mcnp_sims/field/compute/input/4_27.txt,4_27,quad_plane,-780.384418606518,-7758.124701656026
mcnp_sims/field/compute/input/4_28.txt,4_28,quad_plane,4727.120006446821,-7758.124701656026
mcnp_sims/field/compute/input/4_29.txt,4_29,quad_plane,10234.62443150016,-7758.124701656026
mcnp_sims/field/compute/input/4_30.txt,4_30,quad_plane,15742.128856553529,-7758.124701656026
mcnp_sims/field/compute/input/4_31.txt,4_31,quad_plane,12219.00672025109,-7081.019193341112
mcnp_sims/field/compute/input/4_32.txt,4_32,quad_plane,6711.502295197752,-7081.019193341112
mcnp_sims/field/compute/input/4_33.txt,4_33,quad_plane,1203.9978701444124,-7081.019193341112
mcnp_sims/field/compute/input/4_34.txt,4_34,quad_plane,-4303.506554908927,-7081.019193341112
mcnp_sims/field/compute/input/4_35.txt,4_35,quad_plane,-9811.010979962295,-7081.019193341112
mcnp_sims/field/compute/input/4_36.txt,4_36,quad_plane,-15318.515405015634,-7081.019193341112
mcnp_sims/field/compute/input/4_37.txt,4_37,quad_plane,-12327.690828126382,-6403.913685026198
mcnp_sims/field/compute/input/4_38.txt,4_38,quad_plane,-6820.186403073043,-6403.913685026198
mcnp_sims/field/compute/input/4_39.txt,4_39,quad_plane,-1312.6819780196747,-6403.913685026198
mcnp_sims/field/compute/input/4_40.txt,4_40,quad_plane,4194.8224470336645,-6403.913685026198
mcnp_sims/field/compute/input/4_41.txt,4_41,quad_plane,9702.326872087004,-6403.913685026198
mcnp_sims/field/compute/input/4_42.txt,4_42,quad_plane,15209.831297140343,-6403.913685026198
mcnp_sims/field/compute/input/4_43.txt,4_43,quad_plane,12751.304279664277,-5726.808176711285
mcnp_sims/field/compute/input/4_44.txt,4_44,quad_plane,7243.799854610908,-5726.808176711285
mcnp_sims/field/compute/input/4_45.txt,4_45,quad_plane,1736.2954295575692,-5726.808176711285
mcnp_sims/field/compute/input/4_46.txt,4_46,quad_plane,-3771.20899549577,-5726.808176711285
mcnp_sims/field/compute/input/4_47.txt,4_47,quad_plane,-9278.71342054911,-5726.808176711285
mcnp_sims/field/compute/input/4_48.txt,4_48,quad_plane,-14786.217845602449,-5726.808176711285
mcnp_sims/field/compute/input/4_49.txt,4_49,quad_plane,-12859.988387539539,-5049.702668396371
mcnp_sims/field/compute/input/4_50.txt,4_50,quad_plane,-7352.483962486229,-5049.702668396371
mcnp_sims/field/compute/input/4_51.txt,4_51,quad_plane,-1844.9795374328605,-5049.702668396371
mcnp_sims/field/compute/input/4_52.txt,4_52,quad_plane,3662.524887620508,-5049.702668396371
mcnp_sims/field/compute/input/4_53.txt,4_53,quad_plane,9170.029312673818,-5049.702668396371
mcnp_sims/field/compute/input/4_54.txt,4_54,quad_plane,14677.533737727186,-5049.702668396371
mcnp_sims/field/compute/input/4_55.txt,4_55,quad_plane,13283.601839077404,-4372.597160081458
mcnp_sims/field/compute/input/4_56.txt,4_56,quad_plane,7776.097414024094,-4372.597160081458
mcnp_sims/field/compute/input/4_57.txt,4_57,quad_plane,2268.592988970726,-4372.597160081458
mcnp_sims/field/compute/input/4_58.txt,4_58,quad_plane,-3238.9114360825843,-4372.597160081458
mcnp_sims/field/compute/input/4_59.txt,4_59,quad_plane,-8746.415861135953,-4372.597160081458
mcnp_sims/field/compute/input/4_60.txt,4_60,quad_plane,-14253.92028618932,-4372.597160081458
mcnp_sims/field/compute/input/4_61.txt,4_61,quad_plane,-13392.285946952725,-3695.4916517665442
mcnp_sims/field/compute/input/4_62.txt,4_62,quad_plane,-7884.781521899356,-3695.4916517665442
mcnp_sims/field/compute/input/4_63.txt,4_63,quad_plane,-2377.2770968460463,-3695.4916517665442
mcnp_sims/field/compute/input/4_64.txt,4_64,quad_plane,3130.227328207322,-3695.4916517665442
mcnp_sims/field/compute/input/4_65.txt,4_65,quad_plane,8637.73175326069,-3695.4916517665442
mcnp_sims/field/compute/input/4_66.txt,4_66,quad_plane,14145.236178314,-3695.4916517665442
mcnp_sims/field/compute/input/4_67.txt,4_67,quad_plane,13815.89939849059,-3018.3861434516302
mcnp_sims/field/compute/input/4_68.txt,4_68,quad_plane,8308.39497343728,-3018.3861434516302
mcnp_sims/field/compute/input/4_69.txt,4_69,quad_plane,2800.8905483839117,-3018.3861434516302
mcnp_sims/field/compute/input/4_70.txt,4_70,quad_plane,-2706.6138766694567,-3018.3861434516302
mcnp_sims/field/compute/input/4_71.txt,4_71,quad_plane,-8214.118301722767,-3018.3861434516302
mcnp_sims/field/compute/input/4_72.txt,4_72,quad_plane,-13721.622726776135,-3018.3861434516302
mcnp_sims/field/compute/input/4_73.txt,4_73,quad_plane,-13924.58350636591,-2341.2806351367162
mcnp_sims/field/compute/input/4_74.txt,4_74,quad_plane,-8417.079081312542,-2341.2806351367162
mcnp_sims/field/compute/input/4_75.txt,4_75,quad_plane,-2909.574656259174,-2341.2806351367162
mcnp_sims/field/compute/input/4_76.txt,4_76,quad_plane,2597.929768794136,-2341.2806351367162
mcnp_sims/field/compute/input/4_77.txt,4_77,quad_plane,8105.4341938475045,-2341.2806351367162
mcnp_sims/field/compute/input/4_78.txt,4_78,quad_plane,13612.938618900873,-2341.2806351367162
mcnp_sims/field/compute/input/4_79.txt,4_79,quad_plane,14348.196957903776,-1664.1751268218031
mcnp_sims/field/compute/input/4_80.txt,4_80,quad_plane,8840.692532850408,-1664.1751268218031
mcnp_sims/field/compute/input/4_81.txt,4_81,quad_plane,3333.1881077970975,-1664.1751268218031
mcnp_sims/field/compute/input/4_82.txt,4_82,quad_plane,-2174.316317256271,-1664.1751268218031
mcnp_sims/field/compute/input/4_83.txt,4_83,quad_plane,-7681.820742309639,-1664.1751268218031
mcnp_sims/field/compute/input/4_84.txt,4_84,quad_plane,-13189.32516736295,-1664.1751268218031
mcnp_sims/field/compute/input/4_85.txt,4_85,quad_plane,-14456.881065779038,-987.06961850689
mcnp_sims/field/compute/input/4_86.txt,4_86,quad_plane,-8949.376640725728,-987.06961850689
mcnp_sims/field/compute/input/4_87.txt,4_87,quad_plane,-3441.8722156723597,-987.06961850689
mcnp_sims/field/compute/input/4_88.txt,4_88,quad_plane,2065.6322093810086,-987.06961850689
mcnp_sims/field/compute/input/4_89.txt,4_89,quad_plane,7573.136634434319,-987.06961850689
mcnp_sims/field/compute/input/4_90.txt,4_90,quad_plane,13080.641059487687,-987.06961850689
mcnp_sims/field/compute/input/4_91.txt,4_91,quad_plane,14880.494517316962,-309.96411019197694
mcnp_sims/field/compute/input/4_92.txt,4_92,quad_plane,9372.990092263593,-309.96411019197694
mcnp_sims/field/compute/input/4_93.txt,4_93,quad_plane,3865.485667210225,-309.96411019197694
mcnp_sims/field/compute/input/4_94.txt,4_94,quad_plane,-1642.018757843085,-309.96411019197694
mcnp_sims/field/compute/input/4_95.txt,4_95,quad_plane,-7149.523182896453,-309.96411019197694
mcnp_sims/field/compute/input/4_96.txt,4_96,quad_plane,-12657.027607949763,-309.96411019197694
mcnp_sims/field/compute/input/4_97.txt,4_97,quad_plane,-14989.178625192224,367.14139812293797
mcnp_sims/field/compute/input/4_98.txt,4_98,quad_plane,-9481.674200138856,367.14139812293797
mcnp_sims/field/compute/input/4_99.txt,4_99,quad_plane,-3974.1697750854873,367.14139812293797
mcnp_sims/field/compute/input/4_100.txt,4_100,quad_plane,1533.3346499677646,367.14139812293797
mcnp_sims/field/compute/input/4_101.txt,4_101,quad_plane,7040.839075021133,367.14139812293797
mcnp_sims/field/compute/input/4_102.txt,4_102,quad_plane,12548.343500074501,367.14139812293797
mcnp_sims/field/compute/input/4_103.txt,4_103,quad_plane,15412.79207673009,1044.246906437851
mcnp_sims/field/compute/input/4_104.txt,4_104,quad_plane,9905.287651676721,1044.246906437851
mcnp_sims/field/compute/input/4_105.txt,4_105,quad_plane,4397.783226623469,1044.246906437851
mcnp_sims/field/compute/input/4_106.txt,4_106,quad_plane,-1109.7211984298992,1044.246906437851
mcnp_sims/field/compute/input/4_107.txt,4_107,quad_plane,-6617.225623483268,1044.246906437851
mcnp_sims/field/compute/input/4_108.txt,4_108,quad_plane,-12124.730048536636,1044.246906437851
mcnp_sims/field/compute/input/4_109.txt,4_109,quad_plane,-15521.476184605352,1721.3524147527642
mcnp_sims/field/compute/input/4_110.txt,4_110,quad_plane,-10013.971759551983,1721.3524147527642
mcnp_sims/field/compute/input/4_111.txt,4_111,quad_plane,-4506.467334498731,1721.3524147527642
mcnp_sims/field/compute/input/4_112.txt,4_112,quad_plane,1001.037090554637,1721.3524147527642
mcnp_sims/field/compute/input/4_113.txt,4_113,quad_plane,6508.541515608005,1721.3524147527642
mcnp_sims/field/compute/input/4_114.txt,4_114,quad_plane,12016.045940661374,1721.3524147527642
mcnp_sims/field/compute/input/4_115.txt,4_115,quad_plane,15945.089636143217,2398.457923067679
mcnp_sims/field/compute/input/4_116.txt,4_116,quad_plane,10437.585211089965,2398.457923067679
mcnp_sims/field/compute/input/4_117.txt,4_117,quad_plane,4930.080786036597,2398.457923067679
mcnp_sims/field/compute/input/4_118.txt,4_118,quad_plane,-577.4236390167716,2398.457923067679
mcnp_sims/field/compute/input/4_119.txt,4_119,quad_plane,-6084.92806407014,2398.457923067679
mcnp_sims/field/compute/input/4_120.txt,4_120,quad_plane,-11592.432489123508,2398.457923067679
mcnp_sims/field/compute/input/4_121.txt,4_121,quad_plane,-15923.65571984005,3075.563431382592
mcnp_sims/field/compute/input/4_122.txt,4_122,quad_plane,-10416.151294786681,3075.563431382592
mcnp_sims/field/compute/input/4_123.txt,4_123,quad_plane,-4908.646869733313,3075.563431382592
mcnp_sims/field/compute/input/4_124.txt,4_124,quad_plane,598.8575553200553,3075.563431382592
mcnp_sims/field/compute/input/4_125.txt,4_125,quad_plane,6106.361980373424,3075.563431382592
mcnp_sims/field/compute/input/4_126.txt,4_126,quad_plane,11613.866405426676,3075.563431382592
mcnp_sims/field/compute/input/4_127.txt,4_127,quad_plane,16347.269171377913,3752.6689396975053
mcnp_sims/field/compute/input/4_128.txt,4_128,quad_plane,10839.764746324548,3752.6689396975053
mcnp_sims/field/compute/input/4_129.txt,4_129,quad_plane,5332.260321271186,3752.6689396975053
mcnp_sims/field/compute/input/4_130.txt,4_130,quad_plane,-175.24410378217726,3752.6689396975053
mcnp_sims/field/compute/input/4_131.txt,4_131,quad_plane,-5682.7485288354255,3752.6689396975053
mcnp_sims/field/compute/input/4_132.txt,4_132,quad_plane,-11190.252953888787,3752.6689396975053
mcnp_sims/field/compute/input/4_133.txt,4_133,quad_plane,-13043.632250958952,4429.77444801242
mcnp_sims/field/compute/input/4_134.txt,4_134,quad_plane,-7536.1278259055725,4429.77444801242
mcnp_sims/field/compute/input/4_135.txt,4_135,quad_plane,-2028.6234008521951,4429.77444801242
mcnp_sims/field/compute/input/4_136.txt,4_136,quad_plane,3478.881024201066,4429.77444801242
mcnp_sims/field/compute/input/4_137.txt,4_137,quad_plane,8986.385449254445,4429.77444801242
mcnp_sims/field/compute/input/4_138.txt,4_138,quad_plane,14493.889874307824,4429.77444801242
mcnp_sims/field/compute/input/4_139.txt,4_139,quad_plane,13467.245702496764,5106.879956327333
mcnp_sims/field/compute/input/4_140.txt,4_140,quad_plane,7959.741277443392,5106.879956327333
mcnp_sims/field/compute/input/4_141.txt,4_141,quad_plane,2452.236852390137,5106.879956327333
mcnp_sims/field/compute/input/4_142.txt,4_142,quad_plane,-3055.267572663237,5106.879956327333
mcnp_sims/field/compute/input/4_143.txt,4_143,quad_plane,-8562.771997716609,5106.879956327333
mcnp_sims/field/compute/input/4_144.txt,4_144,quad_plane,-10452.57155979687,5783.985464642248
mcnp_sims/field/compute/input/4_145.txt,4_145,quad_plane,-4945.067134743505,5783.985464642248
mcnp_sims/field/compute/input/4_146.txt,4_146,quad_plane,562.4372903097428,5783.985464642248
mcnp_sims/field/compute/input/4_147.txt,4_147,quad_plane,6069.9417153631075,5783.985464642248
mcnp_sims/field/compute/input/4_148.txt,4_148,quad_plane,11577.446140416472,5783.985464642248
mcnp_sims/field/compute/input/4_149.txt,4_149,quad_plane,16383.689436388122,6461.0909729571595
mcnp_sims/field/compute/input/4_150.txt,4_150,quad_plane,10876.185011334765,6461.0909729571595
mcnp_sims/field/compute/input/4_151.txt,4_151,quad_plane,5368.680586281405,6461.0909729571595
mcnp_sims/field/compute/input/4_152.txt,4_152,quad_plane,-138.82383877183747,6461.0909729571595
mcnp_sims/field/compute/input/4_153.txt,4_153,quad_plane,-5646.328263825195,6461.0909729571595
mcnp_sims/field/compute/input/4_154.txt,4_154,quad_plane,-8150.473646354043,7138.196481272074
mcnp_sims/field/compute/input/4_155.txt,4_155,quad_plane,-2642.9692213006674,7138.196481272074
mcnp_sims/field/compute/input/4_156.txt,4_156,quad_plane,2864.535203752708,7138.196481272074
mcnp_sims/field/compute/input/4_157.txt,4_157,quad_plane,8372.039628805967,7138.196481272074
mcnp_sims/field/compute/input/4_158.txt,4_158,quad_plane,13879.544053859343,7138.196481272074
mcnp_sims/field/compute/input/4_159.txt,4_159,quad_plane,14081.591522945244,7815.301989586989
mcnp_sims/field/compute/input/4_160.txt,4_160,quad_plane,8574.087097891876,7815.301989586989
mcnp_sims/field/compute/input/4_161.txt,4_161,quad_plane,3066.5826728385073,7815.301989586989
mcnp_sims/field/compute/input/4_162.txt,4_162,quad_plane,-2440.9217522147446,7815.301989586989
mcnp_sims/field/compute/input/4_163.txt,4_163,quad_plane,-6083.184225701303,8270.504318287456
mcnp_sims/field/compute/input/4_164.txt,4_164,quad_plane,-629.8340855768738,8492.4074979019
mcnp_sims/field/compute/input/4_165.txt,4_165,quad_plane,4877.670339476486,8492.4074979019
mcnp_sims/field/compute/input/4_166.txt,4_166,quad_plane,10385.174764529847,8492.4074979019
mcnp_sims/field/compute/input/4_167.txt,4_167,quad_plane,15892.679189583092,8492.4074979019
mcnp_sims/field/compute/input/4_168.txt,4_168,quad_plane,12068.45638722149,9169.513006216815
mcnp_sims/field/compute/input/4_169.txt,4_169,quad_plane,6560.951962168108,9169.513006216815
mcnp_sims/field/compute/input/4_170.txt,4_170,quad_plane,1053.4475371147255,9169.513006216815
mcnp_sims/field/compute/input/4_171.txt,4_171,quad_plane,-4259.509014504711,9216.991374884465
mcnp_sims/field/compute/input/4_172.txt,4_172,quad_plane,1094.3382724278117,9846.618514531727
mcnp_sims/field/compute/input/4_173.txt,4_173,quad_plane,6601.842697481186,9846.618514531727
mcnp_sims/field/compute/input/4_174.txt,4_174,quad_plane,12109.34712253456,9846.618514531727
mcnp_sims/field/compute/input/4_175.txt,4_175,quad_plane,15851.788454270027,10523.724022846642
mcnp_sims/field/compute/input/4_176.txt,4_176,quad_plane,10344.284029216662,10523.724022846642
mcnp_sims/field/compute/input/4_177.txt,4_177,quad_plane,4836.779604163416,10523.724022846642
mcnp_sims/field/compute/input/4_178.txt,4_178,quad_plane,-670.7248208899473,10523.724022846642
mcnp_sims/field/compute/input/4_179.txt,4_179,quad_plane,2529.54785271346,11200.829531161557
mcnp_sims/field/compute/input/4_180.txt,4_180,quad_plane,8037.052277766812,11200.829531161557
mcnp_sims/field/compute/input/4_181.txt,4_181,quad_plane,13544.556702820164,11200.829531161557
mcnp_sims/field/compute/input/4_182.txt,4_182,quad_plane,14416.578873984548,11877.935039476472
mcnp_sims/field/compute/input/4_183.txt,4_183,quad_plane,8909.07444893117,11877.935039476472
mcnp_sims/field/compute/input/4_184.txt,4_184,quad_plane,3401.5700238777918,11877.935039476472
mcnp_sims/field/compute/input/4_185.txt,4_185,quad_plane,3675.7946552799913,12555.040547791383
mcnp_sims/field/compute/input/4_186.txt,4_186,quad_plane,9183.29908033336,12555.040547791383
mcnp_sims/field/compute/input/4_187.txt,4_187,quad_plane,14690.803505386612,12555.040547791383
mcnp_sims/field/compute/input/4_188.txt,4_188,quad_plane,13270.332071417986,13232.146056106294
mcnp_sims/field/compute/input/4_189.txt,4_189,quad_plane,7762.827646364631,13232.146056106294
mcnp_sims/field/compute/input/4_190.txt,4_190,quad_plane,4561.001546397312,13794.834527664492
mcnp_sims/field/compute/input/4_191.txt,4_191,quad_plane,10040.58310518077,13909.251564421209
mcnp_sims/field/compute/input/4_192.txt,4_192,quad_plane,15548.087530234046,13909.251564421209
mcnp_sims/field/compute/input/4_193.txt,4_193,quad_plane,12413.048046570462,14586.357072736124
mcnp_sims/field/compute/input/4_194.txt,4_194,quad_plane,6905.543621517263,14586.357072736124
mcnp_sims/field/compute/input/4_195.txt,4_195,quad_plane,10608.90435230888,15263.462581051039
mcnp_sims/field/compute/input/4_196.txt,4_196,quad_plane,16116.408777362354,15263.462581051039
mcnp_sims/field/compute/input/4_197.txt,4_197,quad_plane,11844.726799442316,15940.568089365954
mcnp_sims/field/compute/input/4_198.txt,4_198,quad_plane,10888.262821718341,16617.673597680863
mcnp_sims/field/compute/input/4_199.txt,4_199,quad_plane,16395.767246771524,16617.673597680863
